gender,SeniorCitizen,Partner,Dependents,tenure,PhoneService,MultipleLines,InternetService,OnlineSecurity,OnlineBackup,DeviceProtection,TechSupport,StreamingTV,StreamingMovies,Contract,PaperlessBilling,PaymentMethod,MonthlyCharges,TotalCharges,ActualChurn,PredictedChurn,ChurnProbability,RiskLevel
Female,No,Yes,Yes,59,Yes,No,DSL,No,Yes,No,Yes,Yes,Yes,Two year,Yes,Credit card (automatic),75.95,4542.35,No Churn,No Churn,0.05466038009650898,Low Risk
Female,No,No,No,7,Yes,Yes,Fiber optic,No,Yes,No,No,No,No,Month-to-month,Yes,Bank transfer (automatic),78.55,522.95,No Churn,Churn,0.7977906853260875,High Risk
Female,No,No,No,54,Yes,No,No,No internet service,No internet service,No internet service,No internet service,No internet service,No internet service,Two year,No,Mailed check,20.1,1079.45,No Churn,No Churn,0.02759128895802967,Low Risk
Female,No,No,No,2,Yes,No,No,No internet service,No internet service,No internet service,No internet service,No internet service,No internet service,Month-to-month,No,Mailed check,20.65,38.7,Churn,No Churn,0.37032104057639087,Medium Risk
Female,No,Yes,No,71,Yes,Yes,Fiber optic,No,Yes,Yes,No,Yes,Yes,Two year,Yes,Bank transfer (automatic),105.15,7555.0,No Churn,No Churn,0.1889818443515925,Low Risk
Female,No,No,No,60,Yes,Yes,Fiber optic,No,Yes,Yes,No,Yes,Yes,Month-to-month,Yes,Electronic check,105.9,6396.45,Churn,Churn,0.6823036520861979,High Risk
Female,No,Yes,Yes,33,Yes,Yes,No,No internet service,No internet service,No internet service,No internet service,No internet service,No internet service,One year,No,Credit card (automatic),24.15,800.3,No Churn,No Churn,0.09422573853277533,Low Risk
Female,No,No,No,7,Yes,No,No,No internet service,No internet service,No internet service,No internet service,No internet service,No internet service,Month-to-month,No,Mailed check,20.65,155.9,No Churn,No Churn,0.3351184537094506,Medium Risk
Female,No,Yes,Yes,14,Yes,Yes,Fiber optic,No,No,Yes,No,No,Yes,Month-to-month,Yes,Electronic check,87.25,1258.6,Churn,Churn,0.8538669536280682,High Risk
Male,No,No,No,72,No,No phone service,DSL,Yes,No,Yes,Yes,Yes,Yes,Two year,Yes,Credit card (automatic),61.2,4390.25,No Churn,No Churn,0.062450855268506446,Low Risk
Male,Yes,Yes,No,4,Yes,No,Fiber optic,No,No,No,No,No,No,Month-to-month,Yes,Electronic check,70.2,280.35,No Churn,Churn,0.8622637900330915,High Risk
Male,No,No,No,9,Yes,No,No,No internet service,No internet service,No internet service,No internet service,No internet service,No internet service,Month-to-month,No,Credit card (automatic),19.7,180.7,No Churn,No Churn,0.31649136049853704,Medium Risk
Female,No,Yes,No,14,Yes,No,Fiber optic,No,No,No,No,No,Yes,Month-to-month,Yes,Electronic check,78.1,1122.4,No Churn,Churn,0.8375674743506124,High Risk
Male,No,Yes,Yes,37,No,No phone service,DSL,Yes,No,Yes,Yes,No,No,One year,Yes,Electronic check,40.2,1525.35,No Churn,No Churn,0.18015154213911097,Low Risk
Female,No,Yes,Yes,30,No,No phone service,DSL,No,No,No,Yes,Yes,Yes,Month-to-month,No,Credit card (automatic),51.2,1561.5,Churn,No Churn,0.45661197108483237,Medium Risk
Female,No,No,No,2,Yes,No,Fiber optic,No,No,No,No,Yes,Yes,Month-to-month,Yes,Electronic check,90.4,168.2,Churn,Churn,0.9119156004296531,High Risk
Male,No,No,No,3,Yes,Yes,Fiber optic,No,No,No,No,No,No,Month-to-month,No,Mailed check,75.0,209.1,Churn,Churn,0.8112857613396594,High Risk
Male,No,No,No,22,Yes,Yes,Fiber optic,No,Yes,No,No,No,No,Month-to-month,Yes,Electronic check,79.35,1730.35,Churn,Churn,0.7872179321850404,High Risk
Male,No,No,No,9,Yes,No,DSL,Yes,No,Yes,Yes,No,Yes,Month-to-month,Yes,Bank transfer (automatic),68.25,576.95,No Churn,No Churn,0.4630622272488449,Medium Risk
Male,No,No,No,71,Yes,Yes,No,No internet service,No internet service,No internet service,No internet service,No internet service,No internet service,Two year,No,Bank transfer (automatic),25.55,1898.1,No Churn,No Churn,0.020094887745553874,Low Risk
Female,No,Yes,Yes,70,Yes,No,No,No internet service,No internet service,No internet service,No internet service,No internet service,No internet service,Two year,Yes,Mailed check,19.2,1401.4,No Churn,No Churn,0.016639964164002735,Low Risk
Female,No,No,No,4,Yes,Yes,DSL,No,No,No,Yes,Yes,No,Month-to-month,Yes,Mailed check,64.4,253.0,No Churn,Churn,0.6820396331935513,High Risk
Male,No,No,No,1,Yes,No,DSL,No,No,No,Yes,No,No,Month-to-month,Yes,Electronic check,49.3,49.3,No Churn,Churn,0.6332779603984245,High Risk
Female,No,Yes,Yes,48,Yes,Yes,Fiber optic,Yes,Yes,No,No,Yes,Yes,One year,Yes,Credit card (automatic),103.25,5037.55,Churn,No Churn,0.3370299992609055,Medium Risk
Male,No,No,No,4,Yes,No,No,No internet service,No internet service,No internet service,No internet service,No internet service,No internet service,Month-to-month,Yes,Mailed check,19.95,59.25,No Churn,No Churn,0.4166783190035992,Medium Risk
Female,Yes,Yes,No,38,Yes,Yes,Fiber optic,No,No,No,No,No,No,Month-to-month,Yes,Bank transfer (automatic),74.95,2869.85,Churn,Churn,0.666075443076316,High Risk
Male,No,No,No,7,Yes,Yes,No,No internet service,No internet service,No internet service,No internet service,No internet service,No internet service,Month-to-month,No,Mailed check,23.5,173.0,No Churn,No Churn,0.41221060984887214,Medium Risk
Male,No,Yes,Yes,55,Yes,No,DSL,No,No,Yes,Yes,No,No,Two year,Yes,Credit card (automatic),55.25,3119.9,No Churn,No Churn,0.04135711869800492,Low Risk
Male,No,Yes,Yes,49,Yes,No,DSL,Yes,Yes,No,Yes,No,No,Month-to-month,No,Credit card (automatic),59.6,2970.3,No Churn,No Churn,0.0885744133670685,Low Risk
Male,Yes,Yes,No,62,Yes,Yes,Fiber optic,No,Yes,Yes,No,Yes,Yes,One year,Yes,Electronic check,103.75,6383.35,Churn,Churn,0.5233170968458298,Medium Risk
Female,Yes,Yes,No,48,Yes,No,DSL,No,Yes,No,No,No,Yes,One year,Yes,Bank transfer (automatic),58.95,2789.7,No Churn,No Churn,0.19134860221347805,Low Risk
Male,No,No,No,1,Yes,No,Fiber optic,No,No,No,No,No,No,Month-to-month,Yes,Electronic check,69.1,69.1,Churn,Churn,0.8558633343377329,High Risk
Male,No,No,No,1,Yes,No,No,No internet service,No internet service,No internet service,No internet service,No internet service,No internet service,Month-to-month,Yes,Mailed check,19.75,19.75,No Churn,No Churn,0.4398829487216253,Medium Risk
Male,No,Yes,Yes,66,Yes,Yes,DSL,No,No,Yes,No,Yes,No,Two year,Yes,Bank transfer (automatic),63.3,4189.7,No Churn,No Churn,0.07047249374024486,Low Risk
Female,Yes,Yes,No,1,Yes,No,Fiber optic,No,No,No,No,No,No,Month-to-month,Yes,Mailed check,70.45,70.45,Churn,Churn,0.8345514116512216,High Risk
Male,No,No,No,3,Yes,No,Fiber optic,No,Yes,Yes,No,No,Yes,Month-to-month,No,Electronic check,90.4,268.45,No Churn,Churn,0.8398227161147872,High Risk
Female,No,No,No,29,Yes,Yes,DSL,No,Yes,No,No,No,No,One year,Yes,Electronic check,55.25,1620.2,No Churn,No Churn,0.3549638201906408,Medium Risk
Male,No,Yes,No,61,No,No phone service,DSL,Yes,No,Yes,Yes,Yes,Yes,Two year,Yes,Mailed check,62.15,3778.85,No Churn,No Churn,0.08348743746874582,Low Risk
Male,No,No,No,1,Yes,No,No,No internet service,No internet service,No internet service,No internet service,No internet service,No internet service,Month-to-month,No,Mailed check,20.6,20.6,Churn,No Churn,0.3768334768111375,Medium Risk
Male,No,No,No,11,Yes,No,DSL,No,No,No,No,No,No,Month-to-month,No,Credit card (automatic),45.2,492.0,No Churn,No Churn,0.49332082251259074,Medium Risk
Female,No,Yes,No,44,Yes,No,DSL,Yes,Yes,Yes,No,No,No,One year,Yes,Mailed check,61.5,2722.2,No Churn,No Churn,0.11117706032751981,Low Risk
Male,No,Yes,No,48,Yes,No,No,No internet service,No internet service,No internet service,No internet service,No internet service,No internet service,Two year,No,Mailed check,19.25,855.1,No Churn,No Churn,0.03176107685524553,Low Risk
Male,No,Yes,Yes,67,Yes,Yes,Fiber optic,No,Yes,Yes,Yes,Yes,Yes,Two year,Yes,Bank transfer (automatic),111.2,7530.8,No Churn,No Churn,0.12736196578628536,Low Risk
Male,No,No,No,71,Yes,Yes,Fiber optic,Yes,No,No,Yes,No,Yes,One year,No,Credit card (automatic),97.65,6687.85,No Churn,No Churn,0.12828284837864307,Low Risk
Female,No,No,No,53,Yes,No,No,No internet service,No internet service,No internet service,No internet service,No internet service,No internet service,Two year,No,Credit card (automatic),19.85,1049.6,No Churn,No Churn,0.027687438740808226,Low Risk
Male,No,No,Yes,49,Yes,Yes,Fiber optic,Yes,Yes,Yes,No,Yes,Yes,One year,Yes,Credit card (automatic),109.2,5290.45,No Churn,No Churn,0.34731454640024517,Medium Risk
Male,No,Yes,No,64,Yes,Yes,DSL,No,Yes,No,Yes,No,Yes,One year,Yes,Mailed check,70.15,4480.7,No Churn,No Churn,0.11099153104413662,Low Risk
Female,No,Yes,No,59,Yes,Yes,DSL,No,Yes,No,Yes,Yes,Yes,One year,Yes,Electronic check,80.1,4693.2,No Churn,No Churn,0.21305829502738768,Low Risk
Female,No,Yes,No,70,Yes,No,DSL,Yes,Yes,Yes,Yes,Yes,Yes,Two year,No,Credit card (automatic),86.45,5950.2,No Churn,No Churn,0.027988351596370455,Low Risk
Female,No,Yes,No,48,Yes,No,DSL,No,Yes,Yes,No,No,Yes,One year,Yes,Electronic check,65.65,3094.65,No Churn,No Churn,0.23006094908985392,Low Risk
Male,No,No,No,2,Yes,No,DSL,No,Yes,No,No,No,No,Month-to-month,Yes,Mailed check,50.3,92.75,No Churn,Churn,0.5985669472215794,Medium Risk
Female,No,Yes,Yes,34,Yes,No,No,No internet service,No internet service,No internet service,No internet service,No internet service,No internet service,One year,Yes,Bank transfer (automatic),20.1,682.1,No Churn,No Churn,0.0806053536070399,Low Risk
Female,Yes,Yes,No,52,Yes,Yes,Fiber optic,No,Yes,Yes,No,Yes,Yes,One year,Yes,Electronic check,106.5,5621.85,No Churn,Churn,0.5926703877301384,Medium Risk
Female,Yes,Yes,No,8,Yes,Yes,Fiber optic,No,Yes,No,No,No,No,Month-to-month,Yes,Credit card (automatic),80.65,633.3,Churn,Churn,0.8245703365523,High Risk
Female,No,Yes,Yes,23,Yes,Yes,DSL,Yes,Yes,Yes,Yes,Yes,Yes,Two year,Yes,Credit card (automatic),91.1,2198.3,No Churn,No Churn,0.1454695452345553,Low Risk
Female,No,Yes,Yes,23,No,No phone service,DSL,Yes,No,No,Yes,No,No,Two year,No,Mailed check,34.6,813.45,No Churn,No Churn,0.08908171607863744,Low Risk
Male,No,No,No,1,Yes,No,DSL,Yes,No,No,No,No,No,Month-to-month,Yes,Credit card (automatic),49.8,49.8,No Churn,Churn,0.5384492732265115,Medium Risk
Female,No,Yes,Yes,9,Yes,No,Fiber optic,No,No,No,Yes,No,No,Month-to-month,Yes,Electronic check,75.85,647.5,No Churn,Churn,0.7102673680941156,High Risk
Female,No,Yes,Yes,56,Yes,No,No,No internet service,No internet service,No internet service,No internet service,No internet service,No internet service,Two year,Yes,Credit card (automatic),19.8,1119.9,No Churn,No Churn,0.02450977865414443,Low Risk
Male,No,No,No,6,Yes,Yes,Fiber optic,No,No,No,No,No,No,Month-to-month,Yes,Electronic check,74.9,469.8,Churn,Churn,0.8730553347569253,High Risk
Female,No,No,Yes,25,No,No phone service,DSL,Yes,No,No,Yes,No,No,Two year,No,Bank transfer (automatic),35.05,844.45,No Churn,No Churn,0.07963733759425205,Low Risk
Male,No,Yes,Yes,25,Yes,No,DSL,Yes,No,No,Yes,No,No,Month-to-month,No,Electronic check,54.3,1296.8,No Churn,No Churn,0.24685399515126943,Low Risk
Male,No,No,No,21,Yes,Yes,Fiber optic,No,No,No,No,No,No,Month-to-month,Yes,Electronic check,73.7,1558.7,No Churn,Churn,0.8143745491070082,High Risk
Male,No,Yes,Yes,72,Yes,No,Fiber optic,Yes,Yes,No,Yes,Yes,Yes,Two year,No,Bank transfer (automatic),105.5,7611.55,No Churn,No Churn,0.04470755050229333,Low Risk
Male,No,Yes,Yes,43,Yes,Yes,No,No internet service,No internet service,No internet service,No internet service,No internet service,No internet service,Two year,No,Mailed check,24.25,1077.95,No Churn,No Churn,0.03946521347344934,Low Risk
Female,No,Yes,Yes,11,Yes,No,DSL,Yes,No,No,No,No,No,Month-to-month,No,Bank transfer (automatic),51.0,581.7,No Churn,No Churn,0.31586901418484087,Medium Risk
Male,No,Yes,Yes,57,Yes,No,No,No internet service,No internet service,No internet service,No internet service,No internet service,No internet service,One year,No,Mailed check,19.4,1061.6,No Churn,No Churn,0.035915301899265756,Low Risk
Female,No,No,No,23,Yes,No,No,No internet service,No internet service,No internet service,No internet service,No internet service,No internet service,Month-to-month,Yes,Bank transfer (automatic),20.3,470.6,No Churn,No Churn,0.26412657736429734,Low Risk
Male,No,Yes,Yes,72,Yes,Yes,No,No internet service,No internet service,No internet service,No internet service,No internet service,No internet service,Two year,No,Bank transfer (automatic),24.3,1643.25,No Churn,No Churn,0.014933480551439539,Low Risk
Female,No,No,No,44,Yes,Yes,DSL,No,No,No,No,No,No,Month-to-month,Yes,Mailed check,50.15,2139.1,No Churn,No Churn,0.38964346013778894,Medium Risk
Male,No,Yes,Yes,72,Yes,Yes,No,No internet service,No internet service,No internet service,No internet service,No internet service,No internet service,Two year,No,Credit card (automatic),25.55,1867.7,No Churn,No Churn,0.015806855536002327,Low Risk
Male,No,No,No,1,Yes,Yes,Fiber optic,No,No,No,No,No,No,Month-to-month,Yes,Mailed check,74.25,74.25,Churn,Churn,0.85574201135597,High Risk
Female,No,No,No,56,No,No phone service,DSL,Yes,Yes,Yes,Yes,No,No,Two year,No,Bank transfer (automatic),45.05,2560.1,No Churn,No Churn,0.03724217339060227,Low Risk
Female,Yes,Yes,Yes,34,Yes,Yes,Fiber optic,No,Yes,No,No,No,No,Month-to-month,Yes,Mailed check,79.6,2718.3,Churn,Churn,0.6336388664415963,High Risk
Female,No,No,No,69,Yes,Yes,No,No internet service,No internet service,No internet service,No internet service,No internet service,No internet service,Two year,No,Credit card (automatic),24.6,1678.05,No Churn,No Churn,0.02321218935110655,Low Risk
Male,Yes,Yes,No,27,Yes,Yes,Fiber optic,No,No,No,No,No,No,Month-to-month,Yes,Electronic check,75.5,1893.95,Churn,Churn,0.8070935159749585,High Risk
Male,No,No,No,10,Yes,No,Fiber optic,Yes,No,Yes,No,Yes,Yes,One year,Yes,Electronic check,98.9,1064.95,No Churn,Churn,0.7264755490487358,High Risk
Female,No,No,No,39,No,No phone service,DSL,Yes,Yes,No,Yes,No,No,One year,No,Bank transfer (automatic),41.15,1700.9,No Churn,No Churn,0.10536978228894883,Low Risk
Male,No,Yes,Yes,72,Yes,Yes,DSL,Yes,Yes,Yes,Yes,Yes,Yes,Two year,No,Credit card (automatic),89.85,6562.9,No Churn,No Churn,0.028629672725881666,Low Risk
Female,No,No,No,48,No,No phone service,DSL,Yes,Yes,No,No,Yes,No,Month-to-month,Yes,Electronic check,44.8,2104.55,No Churn,No Churn,0.4235128997131816,Medium Risk
Male,No,No,No,24,Yes,No,No,No internet service,No internet service,No internet service,No internet service,No internet service,No internet service,Two year,No,Mailed check,20.75,487.05,No Churn,No Churn,0.06615252934766722,Low Risk
Male,No,No,Yes,27,Yes,No,No,No internet service,No internet service,No internet service,No internet service,No internet service,No internet service,Month-to-month,No,Mailed check,19.15,537.35,No Churn,No Churn,0.1782290327915013,Low Risk
Female,No,No,Yes,34,Yes,No,DSL,Yes,No,Yes,Yes,Yes,No,Two year,No,Credit card (automatic),67.65,2339.3,No Churn,No Churn,0.060269741886073425,Low Risk
Female,Yes,No,No,26,Yes,No,Fiber optic,No,No,No,No,Yes,Yes,Month-to-month,Yes,Electronic check,91.25,2351.8,Churn,Churn,0.8570299188522008,High Risk
Female,No,Yes,No,46,Yes,No,DSL,Yes,Yes,No,Yes,No,Yes,One year,No,Mailed check,70.6,3231.05,No Churn,No Churn,0.07778914879882312,Low Risk
Female,No,Yes,Yes,71,Yes,No,No,No internet service,No internet service,No internet service,No internet service,No internet service,No internet service,Two year,No,Bank transfer (automatic),19.85,1326.35,No Churn,No Churn,0.011308722927013858,Low Risk
Male,No,No,No,43,Yes,Yes,Fiber optic,No,No,No,No,No,No,Month-to-month,Yes,Credit card (automatic),75.35,3161.4,No Churn,Churn,0.608767132913851,High Risk
Female,No,Yes,Yes,10,Yes,No,DSL,No,No,Yes,Yes,No,No,Month-to-month,No,Credit card (automatic),55.2,528.35,Churn,No Churn,0.3613380531965758,Medium Risk
Female,No,No,No,1,Yes,No,Fiber optic,No,No,No,No,No,No,Month-to-month,Yes,Electronic check,70.25,70.25,No Churn,Churn,0.8547295028792062,High Risk
Male,No,Yes,No,28,Yes,Yes,Fiber optic,No,Yes,Yes,No,Yes,No,Month-to-month,No,Credit card (automatic),96.6,2684.35,No Churn,Churn,0.692501764698105,High Risk
Male,No,No,No,24,Yes,No,DSL,Yes,Yes,No,Yes,No,No,Month-to-month,No,Bank transfer (automatic),60.45,1440.75,No Churn,No Churn,0.20495158041687017,Low Risk
Female,Yes,No,No,11,Yes,Yes,Fiber optic,No,No,No,No,No,Yes,Month-to-month,Yes,Credit card (automatic),84.8,906.85,Churn,Churn,0.8737041721168962,High Risk
Male,No,No,No,20,Yes,No,No,No internet service,No internet service,No internet service,No internet service,No internet service,No internet service,Two year,Yes,Mailed check,19.7,419.4,No Churn,No Churn,0.09446192110598765,Low Risk
Female,Yes,Yes,No,58,Yes,Yes,Fiber optic,No,No,No,Yes,Yes,Yes,Month-to-month,Yes,Bank transfer (automatic),100.4,5749.8,No Churn,Churn,0.5815286851004834,Medium Risk
Male,No,No,No,57,Yes,No,DSL,Yes,No,Yes,No,Yes,Yes,Two year,Yes,Bank transfer (automatic),74.35,4317.35,No Churn,No Churn,0.08082835045949718,Low Risk
Female,Yes,Yes,No,70,Yes,Yes,Fiber optic,Yes,Yes,Yes,Yes,Yes,Yes,Two year,Yes,Electronic check,113.65,7714.65,No Churn,No Churn,0.18010677681319104,Low Risk
Male,No,Yes,Yes,72,No,No phone service,DSL,Yes,Yes,Yes,Yes,Yes,Yes,Two year,Yes,Bank transfer (automatic),65.65,4664.5,No Churn,No Churn,0.03947277049407422,Low Risk
Female,No,No,Yes,46,Yes,No,Fiber optic,No,Yes,Yes,No,Yes,Yes,Month-to-month,Yes,Electronic check,99.8,4391.25,No Churn,Churn,0.659114445218868,High Risk
Female,No,Yes,Yes,8,Yes,No,DSL,No,No,No,Yes,Yes,Yes,Month-to-month,Yes,Electronic check,68.55,564.35,No Churn,Churn,0.6580631642893802,High Risk
Male,No,Yes,Yes,72,Yes,Yes,Fiber optic,No,No,No,No,No,Yes,Two year,Yes,Credit card (automatic),84.5,6130.85,No Churn,No Churn,0.13353411092557663,Low Risk
Female,No,No,Yes,4,No,No phone service,DSL,Yes,Yes,Yes,No,Yes,Yes,Month-to-month,Yes,Mailed check,57.2,223.75,No Churn,Churn,0.7038378258238458,High Risk
Male,No,Yes,Yes,8,Yes,No,DSL,No,No,No,No,Yes,No,Month-to-month,Yes,Electronic check,54.4,475.1,No Churn,Churn,0.6653567244585438,High Risk
Male,No,Yes,Yes,43,Yes,Yes,Fiber optic,No,No,Yes,Yes,Yes,Yes,One year,Yes,Credit card (automatic),104.3,4451.85,No Churn,No Churn,0.4223501750007867,Medium Risk
Male,No,Yes,Yes,20,Yes,No,DSL,No,No,Yes,No,No,No,Month-to-month,Yes,Electronic check,49.6,939.8,No Churn,Churn,0.513297393943523,Medium Risk
Female,No,No,No,34,Yes,Yes,DSL,Yes,Yes,No,Yes,No,No,One year,Yes,Mailed check,64.4,2088.75,Churn,No Churn,0.14522465269379456,Low Risk
Female,No,No,No,2,Yes,Yes,DSL,No,No,No,Yes,No,No,Month-to-month,Yes,Mailed check,54.35,117.05,No Churn,Churn,0.6269501198050336,High Risk
Male,No,Yes,No,20,Yes,No,Fiber optic,No,No,No,No,Yes,Yes,Month-to-month,Yes,Mailed check,89.0,1820.45,Churn,Churn,0.8082141142147548,High Risk
Female,No,No,No,1,Yes,No,Fiber optic,No,No,No,No,No,No,Month-to-month,No,Mailed check,71.1,71.1,No Churn,Churn,0.7687816932982736,High Risk
Male,Yes,Yes,No,14,Yes,Yes,Fiber optic,No,No,No,No,No,No,Month-to-month,Yes,Electronic check,75.1,1013.35,No Churn,Churn,0.8625706898152216,High Risk
Female,No,No,No,47,Yes,Yes,Fiber optic,No,Yes,Yes,No,Yes,Yes,Month-to-month,Yes,Electronic check,106.4,5127.95,Churn,Churn,0.761328984938971,High Risk
Female,No,No,No,1,Yes,No,No,No internet service,No internet service,No internet service,No internet service,No internet service,No internet service,Month-to-month,Yes,Mailed check,20.25,20.25,No Churn,No Churn,0.43940039913479717,Medium Risk
Male,No,Yes,No,22,Yes,No,Fiber optic,No,No,Yes,No,Yes,No,Month-to-month,Yes,Bank transfer (automatic),87.0,1850.65,No Churn,Churn,0.7301284898193942,High Risk
Male,No,Yes,Yes,46,Yes,No,No,No internet service,No internet service,No internet service,No internet service,No internet service,No internet service,Two year,Yes,Mailed check,20.2,917.45,No Churn,No Churn,0.03378849988914825,Low Risk
Male,No,Yes,Yes,72,Yes,Yes,Fiber optic,Yes,Yes,No,Yes,No,Yes,Two year,Yes,Credit card (automatic),97.75,6991.6,No Churn,No Churn,0.06273197011389897,Low Risk
Male,No,No,Yes,23,No,No phone service,DSL,Yes,No,Yes,Yes,No,No,Two year,No,Mailed check,40.1,857.75,No Churn,No Churn,0.09592354955645889,Low Risk
Male,No,No,No,1,Yes,No,Fiber optic,No,No,No,No,Yes,Yes,Month-to-month,Yes,Electronic check,89.55,89.55,Churn,Churn,0.9148188593781535,High Risk
Male,No,No,No,37,Yes,Yes,Fiber optic,Yes,No,No,No,Yes,No,Month-to-month,Yes,Electronic check,91.15,3369.25,No Churn,Churn,0.7068152333913125,High Risk
Male,No,No,No,72,Yes,No,No,No internet service,No internet service,No internet service,No internet service,No internet service,No internet service,Two year,Yes,Credit card (automatic),19.8,1468.75,No Churn,No Churn,0.019917175594515963,Low Risk
Male,Yes,Yes,No,72,Yes,Yes,DSL,Yes,Yes,Yes,No,Yes,Yes,Two year,No,Credit card (automatic),84.45,5899.85,No Churn,No Churn,0.06064252581292862,Low Risk
Female,Yes,No,No,32,Yes,No,Fiber optic,No,Yes,No,No,No,No,Month-to-month,Yes,Electronic check,74.4,2276.95,Churn,Churn,0.7101716679362801,High Risk
Male,No,No,No,35,Yes,Yes,No,No internet service,No internet service,No internet service,No internet service,No internet service,No internet service,One year,No,Bank transfer (automatic),26.2,954.9,No Churn,No Churn,0.10549783701567816,Low Risk
Female,No,Yes,Yes,14,Yes,No,No,No internet service,No internet service,No internet service,No internet service,No internet service,No internet service,Two year,No,Mailed check,18.8,255.55,No Churn,No Churn,0.06922226991726985,Low Risk
Female,No,Yes,No,56,Yes,Yes,Fiber optic,No,No,Yes,Yes,Yes,Yes,Two year,No,Bank transfer (automatic),103.2,5744.35,No Churn,No Churn,0.19331205903516196,Low Risk
Female,No,Yes,Yes,49,Yes,Yes,Fiber optic,No,Yes,No,No,Yes,Yes,One year,No,Mailed check,100.45,4941.8,Churn,No Churn,0.3613383242404019,Medium Risk
Female,Yes,Yes,No,37,Yes,Yes,Fiber optic,No,No,No,No,No,No,Month-to-month,Yes,Electronic check,76.5,2868.15,Churn,Churn,0.7530907349920045,High Risk
Male,No,No,No,1,Yes,Yes,No,No internet service,No internet service,No internet service,No internet service,No internet service,No internet service,Month-to-month,Yes,Mailed check,25.0,25.0,No Churn,Churn,0.5164044136109381,Medium Risk
Male,No,Yes,No,6,Yes,Yes,Fiber optic,No,No,No,No,Yes,No,Month-to-month,Yes,Electronic check,82.85,460.25,Churn,Churn,0.901259423228829,High Risk
Male,No,Yes,Yes,68,Yes,No,DSL,Yes,Yes,No,Yes,Yes,Yes,Two year,No,Bank transfer (automatic),82.85,5776.45,No Churn,No Churn,0.02062478525142713,Low Risk
Male,No,Yes,No,71,Yes,No,DSL,Yes,No,No,Yes,No,No,Two year,No,Bank transfer (automatic),54.5,3778.2,No Churn,No Churn,0.0156440763133258,Low Risk
Male,No,Yes,Yes,42,Yes,No,DSL,Yes,Yes,No,No,No,No,Month-to-month,No,Mailed check,54.5,2301.15,No Churn,No Churn,0.14841116753616582,Low Risk
Female,No,Yes,Yes,30,Yes,No,No,No internet service,No internet service,No internet service,No internet service,No internet service,No internet service,Two year,No,Mailed check,19.7,599.25,No Churn,No Churn,0.043009077649263316,Low Risk
Female,No,Yes,No,1,No,No phone service,DSL,No,No,No,No,No,No,Month-to-month,Yes,Electronic check,24.8,24.8,Churn,Churn,0.7868810366552622,High Risk
Male,No,Yes,Yes,71,Yes,No,DSL,Yes,Yes,Yes,Yes,Yes,Yes,Two year,No,Bank transfer (automatic),85.45,6029.9,No Churn,No Churn,0.020199718663941716,Low Risk
Male,No,No,No,1,Yes,No,DSL,No,Yes,No,No,No,No,Month-to-month,Yes,Electronic check,50.75,50.75,Churn,Churn,0.6758440881267197,High Risk
Female,No,Yes,Yes,72,Yes,Yes,DSL,Yes,No,Yes,Yes,Yes,Yes,Two year,Yes,Bank transfer (automatic),84.2,5986.55,No Churn,No Churn,0.039139087058451115,Low Risk
Female,No,No,No,16,Yes,No,No,No internet service,No internet service,No internet service,No internet service,No internet service,No internet service,One year,No,Mailed check,19.05,326.65,No Churn,No Churn,0.15029217345537743,Low Risk
Female,No,Yes,No,1,Yes,No,Fiber optic,No,No,No,No,Yes,No,Month-to-month,No,Electronic check,78.8,78.8,Churn,Churn,0.8577386975551695,High Risk
Female,No,No,No,4,Yes,Yes,Fiber optic,No,No,No,No,No,No,Month-to-month,Yes,Electronic check,75.65,302.35,No Churn,Churn,0.8792378702610336,High Risk
Male,No,No,No,46,Yes,Yes,Fiber optic,Yes,No,No,No,Yes,No,Month-to-month,Yes,Credit card (automatic),89.15,4245.55,No Churn,Churn,0.5707705391214247,Medium Risk
Male,No,No,No,11,Yes,No,No,No internet service,No internet service,No internet service,No internet service,No internet service,No internet service,Month-to-month,Yes,Credit card (automatic),20.45,237.3,No Churn,No Churn,0.35709081847842505,Medium Risk
Male,No,No,No,72,Yes,Yes,No,No internet service,No internet service,No internet service,No internet service,No internet service,No internet service,Two year,No,Bank transfer (automatic),24.75,1777.6,No Churn,No Churn,0.019666373681084513,Low Risk
Male,No,Yes,No,72,Yes,Yes,Fiber optic,Yes,Yes,Yes,No,Yes,Yes,Two year,Yes,Electronic check,109.65,7880.25,No Churn,No Churn,0.18866929755978268,Low Risk
Male,No,Yes,Yes,22,Yes,No,Fiber optic,No,Yes,Yes,No,Yes,Yes,One year,Yes,Mailed check,100.05,2090.25,No Churn,Churn,0.5624359682514146,Medium Risk
Female,Yes,No,No,57,Yes,No,DSL,Yes,No,Yes,Yes,Yes,No,Two year,No,Bank transfer (automatic),69.85,4003.0,No Churn,No Churn,0.04270937923546412,Low Risk
Male,No,Yes,Yes,18,Yes,No,DSL,No,No,Yes,No,No,Yes,Month-to-month,No,Electronic check,57.45,990.85,Churn,Churn,0.5444063209287645,Medium Risk
Female,No,No,No,47,Yes,Yes,Fiber optic,No,Yes,Yes,No,Yes,Yes,Month-to-month,Yes,Electronic check,106.35,4849.1,No Churn,Churn,0.7614296431508695,High Risk
Male,No,No,No,55,Yes,Yes,DSL,No,No,Yes,No,Yes,Yes,Two year,Yes,Bank transfer (automatic),77.8,4323.35,No Churn,No Churn,0.15271368432226232,Low Risk
Male,No,No,No,9,Yes,Yes,Fiber optic,No,Yes,No,No,Yes,Yes,Month-to-month,Yes,Credit card (automatic),99.3,918.75,No Churn,Churn,0.8774064832610013,High Risk
Male,No,No,No,58,Yes,Yes,No,No internet service,No internet service,No internet service,No internet service,No internet service,No internet service,Two year,Yes,Credit card (automatic),24.45,1513.6,No Churn,No Churn,0.04108616727026563,Low Risk
Male,No,Yes,Yes,17,Yes,Yes,DSL,Yes,No,Yes,No,Yes,No,One year,Yes,Bank transfer (automatic),70.35,1201.65,No Churn,No Churn,0.3039517833758194,Medium Risk
Female,No,Yes,Yes,68,No,No phone service,DSL,No,Yes,Yes,Yes,Yes,Yes,Two year,No,Credit card (automatic),60.3,4109.0,No Churn,No Churn,0.05430907124250248,Low Risk
Male,No,Yes,No,4,Yes,No,DSL,No,No,No,Yes,No,No,Month-to-month,No,Mailed check,50.05,179.35,Churn,No Churn,0.45962788152456047,Medium Risk
Male,No,Yes,No,42,Yes,Yes,Fiber optic,No,No,Yes,Yes,Yes,Yes,One year,Yes,Electronic check,108.3,4586.15,No Churn,Churn,0.5626654554534724,Medium Risk
Male,No,Yes,Yes,60,Yes,No,DSL,Yes,Yes,Yes,Yes,No,No,One year,Yes,Bank transfer (automatic),65.85,3928.3,No Churn,No Churn,0.03745103374884068,Low Risk
Male,No,No,No,13,Yes,Yes,Fiber optic,Yes,No,No,No,Yes,Yes,Month-to-month,No,Mailed check,98.15,1230.25,Churn,Churn,0.7995945117080389,High Risk
Male,No,Yes,Yes,39,Yes,No,DSL,Yes,Yes,Yes,No,No,No,One year,No,Electronic check,59.8,2343.85,No Churn,No Churn,0.10997610838636426,Low Risk
Female,Yes,No,No,27,Yes,Yes,Fiber optic,No,No,Yes,No,No,No,Month-to-month,Yes,Electronic check,78.05,2135.5,Churn,Churn,0.8252921442134518,High Risk
Female,No,Yes,No,72,Yes,Yes,DSL,Yes,Yes,Yes,Yes,Yes,Yes,Two year,Yes,Bank transfer (automatic),91.15,6637.9,No Churn,No Churn,0.04247069456660412,Low Risk
Male,No,Yes,Yes,20,Yes,No,No,No internet service,No internet service,No internet service,No internet service,No internet service,No internet service,Two year,No,Mailed check,20.05,400.0,No Churn,No Churn,0.05725544921435221,Low Risk
Female,No,Yes,Yes,6,Yes,No,No,No internet service,No internet service,No internet service,No internet service,No internet service,No internet service,One year,No,Mailed check,19.7,94.45,No Churn,No Churn,0.15238053591891115,Low Risk
Male,No,No,No,15,Yes,Yes,DSL,No,No,No,No,No,No,Month-to-month,Yes,Electronic check,49.0,749.25,No Churn,Churn,0.6823457279379886,High Risk
Male,No,No,No,72,No,No phone service,DSL,Yes,Yes,Yes,Yes,Yes,Yes,Two year,Yes,Bank transfer (automatic),63.7,4464.8,No Churn,No Churn,0.052892220744364865,Low Risk
Female,No,No,Yes,50,Yes,No,DSL,Yes,No,Yes,Yes,Yes,No,One year,Yes,Credit card (automatic),70.8,3478.15,No Churn,No Churn,0.08489209505460825,Low Risk
Female,No,No,No,15,Yes,Yes,DSL,Yes,No,No,No,No,No,Month-to-month,Yes,Mailed check,55.7,899.8,Churn,Churn,0.5139489471256902,Medium Risk
Female,No,No,No,71,Yes,Yes,Fiber optic,No,Yes,Yes,Yes,Yes,Yes,Two year,Yes,Electronic check,111.25,7984.15,No Churn,No Churn,0.20606893900971607,Low Risk
Female,No,No,No,35,No,No phone service,DSL,No,No,No,No,No,No,Month-to-month,No,Electronic check,24.15,812.5,No Churn,Churn,0.5145649923555811,Medium Risk
Female,No,No,No,29,Yes,Yes,DSL,Yes,No,No,No,No,Yes,Month-to-month,Yes,Electronic check,66.1,1912.15,No Churn,Churn,0.5547937407510722,Medium Risk
Male,No,Yes,Yes,46,Yes,No,No,No internet service,No internet service,No internet service,No internet service,No internet service,No internet service,Two year,No,Credit card (automatic),19.95,862.4,No Churn,No Churn,0.025768496864084552,Low Risk
Female,No,No,No,15,No,No phone service,DSL,Yes,Yes,Yes,Yes,No,No,One year,No,Mailed check,45.9,693.45,No Churn,No Churn,0.22282961740477097,Low Risk
Female,No,No,No,34,Yes,No,DSL,Yes,Yes,No,No,No,No,One year,No,Mailed check,55.0,1885.15,No Churn,No Churn,0.11875057106727914,Low Risk
Female,Yes,Yes,Yes,57,Yes,No,Fiber optic,No,Yes,Yes,Yes,Yes,No,Month-to-month,Yes,Credit card (automatic),95.3,5567.45,No Churn,No Churn,0.37857370307649135,Medium Risk
Male,No,No,No,63,Yes,Yes,DSL,Yes,Yes,Yes,Yes,No,No,One year,No,Bank transfer (automatic),68.8,4111.35,No Churn,No Churn,0.04865116524770294,Low Risk
Male,No,No,No,11,Yes,No,Fiber optic,No,No,Yes,No,No,No,Month-to-month,No,Electronic check,72.9,818.45,No Churn,Churn,0.7822521550680038,High Risk
Female,Yes,No,No,44,Yes,No,DSL,No,No,Yes,Yes,Yes,Yes,One year,No,Bank transfer (automatic),74.85,3268.05,No Churn,No Churn,0.1998332291739217,Low Risk
Female,No,Yes,Yes,14,Yes,No,Fiber optic,No,No,No,No,No,No,Month-to-month,No,Electronic check,70.2,1046.5,No Churn,Churn,0.6973137660451241,High Risk
Male,No,No,No,5,Yes,No,Fiber optic,No,No,No,No,No,No,Month-to-month,Yes,Electronic check,69.7,316.9,Churn,Churn,0.8390629303986147,High Risk
Male,No,No,No,23,Yes,No,DSL,No,No,No,No,Yes,Yes,One year,Yes,Bank transfer (automatic),64.9,1509.8,No Churn,No Churn,0.4006113090238996,Medium Risk
Male,No,No,No,4,Yes,No,Fiber optic,No,No,Yes,No,No,No,Month-to-month,Yes,Electronic check,73.9,280.85,Churn,Churn,0.8501416315540822,High Risk
Female,No,Yes,Yes,11,Yes,No,No,No internet service,No internet service,No internet service,No internet service,No internet service,No internet service,One year,No,Mailed check,20.6,233.9,No Churn,No Churn,0.13235343008129358,Low Risk
Male,No,Yes,Yes,69,Yes,No,DSL,Yes,Yes,Yes,No,No,No,Two year,Yes,Bank transfer (automatic),59.75,4069.9,No Churn,No Churn,0.02143744570413309,Low Risk
Male,No,Yes,Yes,45,Yes,No,No,No internet service,No internet service,No internet service,No internet service,No internet service,No internet service,Two year,No,Electronic check,19.2,903.7,No Churn,No Churn,0.037186657101395126,Low Risk
Female,Yes,No,No,37,Yes,Yes,Fiber optic,Yes,Yes,No,No,Yes,Yes,Month-to-month,Yes,Bank transfer (automatic),106.75,4056.75,Churn,Churn,0.6960149594685018,High Risk
Male,Yes,Yes,No,25,Yes,Yes,Fiber optic,Yes,No,No,No,No,Yes,One year,Yes,Electronic check,89.05,2177.45,Churn,Churn,0.6522591527816175,High Risk
Female,No,No,No,5,Yes,Yes,DSL,No,No,No,No,No,No,Month-to-month,Yes,Mailed check,50.6,249.95,Churn,Churn,0.6790971609912902,High Risk
Female,No,Yes,No,72,Yes,Yes,No,No internet service,No internet service,No internet service,No internet service,No internet service,No internet service,Two year,No,Bank transfer (automatic),25.65,1887.0,No Churn,No Churn,0.018682403804866805,Low Risk
Male,No,No,Yes,1,Yes,No,Fiber optic,No,No,No,No,No,No,Month-to-month,Yes,Electronic check,71.65,71.65,Churn,Churn,0.8196423119742101,High Risk
Male,No,No,No,1,Yes,No,Fiber optic,No,No,No,No,No,Yes,Month-to-month,No,Electronic check,80.5,80.5,Churn,Churn,0.8587795893631311,High Risk
Male,No,No,No,53,Yes,No,No,No internet service,No internet service,No internet service,No internet service,No internet service,No internet service,Two year,No,Credit card (automatic),19.5,1050.5,No Churn,No Churn,0.02769542529245337,Low Risk
Female,No,Yes,Yes,41,No,No phone service,DSL,Yes,No,Yes,No,No,No,One year,No,Credit card (automatic),35.4,1412.4,No Churn,No Churn,0.13103203236363734,Low Risk
Male,No,No,Yes,22,Yes,Yes,Fiber optic,No,Yes,No,No,Yes,No,Month-to-month,Yes,Credit card (automatic),89.1,1949.4,No Churn,Churn,0.7385981511155078,High Risk
Male,No,Yes,No,8,Yes,No,No,No internet service,No internet service,No internet service,No internet service,No internet service,No internet service,Month-to-month,Yes,Bank transfer (automatic),19.55,161.15,No Churn,No Churn,0.35366086002702685,Medium Risk
Female,No,No,No,69,Yes,Yes,DSL,Yes,No,Yes,Yes,Yes,Yes,Two year,Yes,Credit card (automatic),85.35,5897.4,No Churn,No Churn,0.059289859592000956,Low Risk
Female,No,No,No,35,Yes,No,No,No internet service,No internet service,No internet service,No internet service,No internet service,No internet service,One year,No,Mailed check,21.1,741.0,No Churn,No Churn,0.08775897686627823,Low Risk
Female,No,No,No,1,Yes,No,DSL,No,No,No,No,No,Yes,Month-to-month,Yes,Electronic check,55.45,55.45,No Churn,Churn,0.7623028124749799,High Risk
Male,No,Yes,No,10,Yes,Yes,Fiber optic,No,No,No,No,Yes,No,Month-to-month,Yes,Electronic check,85.6,813.85,Churn,Churn,0.8866929144704802,High Risk
Female,No,No,No,11,Yes,No,DSL,No,No,No,No,Yes,Yes,Month-to-month,Yes,Electronic check,64.9,716.1,No Churn,Churn,0.7629904183330575,High Risk
Female,No,No,No,59,Yes,No,Fiber optic,No,No,Yes,No,Yes,Yes,Two year,No,Electronic check,95.8,5655.45,No Churn,No Churn,0.2561202583972567,Low Risk
Female,No,Yes,Yes,56,Yes,Yes,DSL,Yes,No,No,No,Yes,No,One year,No,Bank transfer (automatic),65.2,3512.15,No Churn,No Churn,0.08920323788935498,Low Risk
Female,No,No,Yes,41,Yes,No,No,No internet service,No internet service,No internet service,No internet service,No internet service,No internet service,One year,Yes,Credit card (automatic),20.25,865.0,No Churn,No Churn,0.0734886546322634,Low Risk
Female,No,No,No,4,Yes,No,Fiber optic,No,Yes,No,No,No,No,Month-to-month,Yes,Bank transfer (automatic),76.65,333.6,Churn,Churn,0.7541213171993485,High Risk
Female,No,Yes,Yes,35,Yes,Yes,No,No internet service,No internet service,No internet service,No internet service,No internet service,No internet service,Two year,Yes,Credit card (automatic),25.4,949.8,No Churn,No Churn,0.06108430500528805,Low Risk
Female,No,No,No,58,Yes,Yes,Fiber optic,Yes,Yes,Yes,No,Yes,Yes,One year,Yes,Electronic check,107.75,6332.75,No Churn,No Churn,0.42303105704595706,Medium Risk
Male,No,No,Yes,19,Yes,Yes,No,No internet service,No internet service,No internet service,No internet service,No internet service,No internet service,Month-to-month,Yes,Credit card (automatic),24.1,439.2,No Churn,No Churn,0.3210329910724974,Medium Risk
Female,Yes,Yes,No,56,Yes,Yes,Fiber optic,Yes,Yes,Yes,Yes,No,No,One year,No,Electronic check,95.65,5471.75,No Churn,No Churn,0.21256010781472212,Low Risk
Male,Yes,No,No,32,Yes,Yes,Fiber optic,No,No,Yes,No,No,No,Month-to-month,Yes,Credit card (automatic),81.1,2619.25,No Churn,Churn,0.7352724803242859,High Risk
Female,Yes,No,No,3,Yes,No,Fiber optic,No,No,Yes,No,No,No,Month-to-month,No,Electronic check,73.85,196.4,No Churn,Churn,0.8484277722803005,High Risk
Female,No,No,Yes,17,Yes,Yes,Fiber optic,No,Yes,Yes,Yes,No,No,Month-to-month,Yes,Credit card (automatic),92.7,1556.85,No Churn,Churn,0.6360410998617516,High Risk
Female,Yes,Yes,No,2,Yes,No,DSL,No,Yes,No,No,No,No,Month-to-month,No,Credit card (automatic),50.15,115.1,Churn,Churn,0.5696367231969645,Medium Risk
Female,No,Yes,Yes,31,Yes,Yes,Fiber optic,No,Yes,No,No,No,Yes,Month-to-month,Yes,Electronic check,91.15,2995.45,Churn,Churn,0.7350431147523357,High Risk
Female,Yes,No,No,46,Yes,No,Fiber optic,No,Yes,Yes,No,Yes,No,One year,Yes,Bank transfer (automatic),91.3,4126.35,No Churn,No Churn,0.4003423621312071,Medium Risk
Female,Yes,No,No,20,Yes,Yes,Fiber optic,No,No,No,No,No,Yes,Month-to-month,Yes,Credit card (automatic),85.8,1727.5,Churn,Churn,0.8382576669061563,High Risk
Male,Yes,No,No,3,Yes,Yes,Fiber optic,No,No,No,No,Yes,Yes,Month-to-month,Yes,Electronic check,94.85,335.75,No Churn,Churn,0.9438811554031902,High Risk
Male,Yes,No,No,17,Yes,No,DSL,No,No,No,No,No,No,Month-to-month,Yes,Electronic check,45.05,770.6,Churn,Churn,0.6421591449203934,High Risk
Female,No,No,Yes,13,Yes,Yes,Fiber optic,No,Yes,Yes,No,Yes,Yes,One year,Yes,Credit card (automatic),104.15,1299.1,No Churn,Churn,0.7043836972120845,High Risk
Female,No,Yes,No,2,No,No phone service,DSL,No,No,No,No,No,Yes,Month-to-month,Yes,Electronic check,35.1,68.75,Churn,Churn,0.826834197458014,High Risk
Male,No,Yes,Yes,11,Yes,No,DSL,No,No,Yes,No,Yes,No,Month-to-month,Yes,Bank transfer (automatic),59.65,683.25,No Churn,Churn,0.5561719408162397,Medium Risk
Female,No,No,No,41,Yes,No,DSL,No,No,No,Yes,No,No,One year,No,Bank transfer (automatic),50.05,2029.05,No Churn,No Churn,0.10500065325894552,Low Risk
Female,No,Yes,No,21,No,No phone service,DSL,Yes,No,No,No,No,No,Month-to-month,No,Electronic check,28.5,629.35,No Churn,Churn,0.516843470979311,Medium Risk
Female,Yes,No,No,41,Yes,Yes,Fiber optic,Yes,Yes,Yes,No,Yes,Yes,Month-to-month,Yes,Electronic check,113.2,4689.5,Churn,Churn,0.7585252264554566,High Risk
Male,No,No,Yes,39,No,No phone service,DSL,Yes,No,No,Yes,Yes,No,One year,No,Bank transfer (automatic),45.05,1790.6,No Churn,No Churn,0.12665911232359595,Low Risk
Male,No,Yes,Yes,10,Yes,No,DSL,No,No,Yes,No,Yes,No,Month-to-month,No,Mailed check,60.2,563.5,No Churn,Churn,0.5249975960562582,Medium Risk
Female,No,Yes,No,2,Yes,No,Fiber optic,Yes,No,No,No,No,No,Month-to-month,Yes,Electronic check,74.4,139.4,Churn,Churn,0.7892934058037028,High Risk
Female,Yes,Yes,No,1,Yes,No,Fiber optic,No,Yes,No,No,No,No,Month-to-month,Yes,Mailed check,76.4,76.4,Churn,Churn,0.8138637152337397,High Risk
Male,Yes,No,No,62,Yes,Yes,Fiber optic,No,Yes,Yes,Yes,Yes,Yes,One year,Yes,Bank transfer (automatic),110.75,7053.35,No Churn,No Churn,0.3473352262992326,Medium Risk
Female,No,Yes,Yes,52,Yes,No,DSL,No,No,Yes,No,No,No,One year,Yes,Bank transfer (automatic),50.95,2610.65,No Churn,No Churn,0.10491226240701167,Low Risk
Male,No,No,No,3,Yes,No,DSL,No,No,No,Yes,No,Yes,Month-to-month,No,Mailed check,60.65,196.9,No Churn,Churn,0.5497392933192061,Medium Risk
Male,Yes,Yes,No,48,Yes,Yes,Fiber optic,No,No,Yes,No,No,Yes,Month-to-month,Yes,Credit card (automatic),91.05,4370.75,No Churn,Churn,0.6843317570213231,High Risk
Male,No,Yes,Yes,69,Yes,Yes,Fiber optic,No,No,Yes,No,Yes,Yes,Month-to-month,Yes,Credit card (automatic),99.45,7007.6,Churn,Churn,0.5017545452854626,Medium Risk
Female,Yes,Yes,No,55,Yes,Yes,Fiber optic,No,Yes,Yes,Yes,No,No,Month-to-month,No,Electronic check,90.45,5044.8,No Churn,No Churn,0.4737369371409468,Medium Risk
Male,No,No,No,1,Yes,No,No,No internet service,No internet service,No internet service,No internet service,No internet service,No internet service,Month-to-month,No,Mailed check,19.75,19.75,No Churn,No Churn,0.3790478124706448,Medium Risk
Male,No,No,No,1,Yes,No,No,No internet service,No internet service,No internet service,No internet service,No internet service,No internet service,Month-to-month,No,Mailed check,19.4,19.4,Churn,No Churn,0.37996107044615063,Medium Risk
Male,No,No,No,50,No,No phone service,DSL,Yes,No,No,Yes,No,No,One year,Yes,Mailed check,35.4,1748.9,No Churn,No Churn,0.12050472735106806,Low Risk
Female,No,Yes,No,46,Yes,No,DSL,No,Yes,No,Yes,Yes,No,Two year,Yes,Credit card (automatic),64.2,3009.5,No Churn,No Churn,0.07712863954299948,Low Risk
Male,No,No,No,3,Yes,No,Fiber optic,Yes,No,No,No,No,Yes,Month-to-month,Yes,Mailed check,86.05,244.85,No Churn,Churn,0.7851322892723209,High Risk
Male,Yes,No,No,30,Yes,Yes,Fiber optic,Yes,No,No,No,No,Yes,Month-to-month,Yes,Credit card (automatic),90.5,2595.85,No Churn,Churn,0.7215887654538193,High Risk
Female,No,Yes,Yes,70,Yes,Yes,DSL,Yes,No,No,Yes,Yes,Yes,Two year,Yes,Bank transfer (automatic),80.6,5460.2,No Churn,No Churn,0.039194879061790304,Low Risk
Female,No,Yes,Yes,72,Yes,Yes,DSL,Yes,Yes,Yes,Yes,Yes,Yes,Two year,No,Credit card (automatic),89.75,6595.9,No Churn,No Churn,0.028760382652419956,Low Risk
Male,No,Yes,Yes,68,Yes,Yes,DSL,Yes,Yes,Yes,Yes,Yes,Yes,Two year,Yes,Credit card (automatic),92.2,6392.85,No Churn,No Churn,0.04012046422607915,Low Risk
Male,No,Yes,Yes,54,No,No phone service,DSL,No,No,Yes,Yes,No,Yes,Two year,No,Credit card (automatic),46.0,2424.05,No Churn,No Churn,0.06846918187307847,Low Risk
Male,No,No,No,47,Yes,No,No,No internet service,No internet service,No internet service,No internet service,No internet service,No internet service,Two year,No,Bank transfer (automatic),20.45,943.0,No Churn,No Churn,0.030609338552399497,Low Risk
Female,No,No,Yes,50,Yes,No,Fiber optic,No,No,No,No,No,No,Two year,No,Credit card (automatic),70.35,3533.6,No Churn,No Churn,0.11873954780401122,Low Risk
Female,Yes,No,No,8,Yes,No,No,No internet service,No internet service,No internet service,No internet service,No internet service,No internet service,Month-to-month,No,Electronic check,19.65,164.3,Churn,No Churn,0.45215701297541283,Medium Risk
Male,No,Yes,No,14,Yes,Yes,DSL,No,No,No,Yes,Yes,No,Month-to-month,Yes,Credit card (automatic),66.6,979.5,No Churn,Churn,0.5867731823651067,Medium Risk
Female,No,Yes,No,32,Yes,No,Fiber optic,No,Yes,No,No,No,Yes,Month-to-month,No,Bank transfer (automatic),84.15,2585.95,Churn,Churn,0.5690153942295756,Medium Risk
Female,No,Yes,No,65,Yes,No,DSL,No,No,No,Yes,Yes,No,Two year,Yes,Credit card (automatic),59.8,3808.2,No Churn,No Churn,0.050089636336473814,Low Risk
Female,No,No,No,68,Yes,Yes,DSL,Yes,Yes,Yes,Yes,Yes,Yes,Two year,Yes,Electronic check,88.15,6148.45,No Churn,No Churn,0.07572255399862081,Low Risk
Female,No,Yes,No,71,Yes,No,No,No internet service,No internet service,No internet service,No internet service,No internet service,No internet service,Two year,No,Credit card (automatic),19.1,1372.45,No Churn,No Churn,0.015492974705915156,Low Risk
Female,Yes,No,No,7,Yes,No,Fiber optic,Yes,No,No,No,No,No,Month-to-month,No,Bank transfer (automatic),76.45,503.6,Churn,Churn,0.6748565607442715,High Risk
Female,No,No,No,4,Yes,Yes,Fiber optic,No,Yes,No,Yes,No,Yes,Month-to-month,Yes,Electronic check,93.5,362.2,Churn,Churn,0.86189027247552,High Risk
Male,Yes,Yes,No,19,Yes,No,DSL,Yes,No,Yes,No,Yes,No,Month-to-month,No,Bank transfer (automatic),66.4,1286.05,No Churn,No Churn,0.4417753340181359,Medium Risk
Male,No,No,Yes,30,Yes,Yes,No,No internet service,No internet service,No internet service,No internet service,No internet service,No internet service,One year,No,Bank transfer (automatic),25.35,723.3,No Churn,No Churn,0.09858559043210106,Low Risk
Male,No,Yes,No,31,Yes,No,DSL,No,No,Yes,Yes,No,Yes,Month-to-month,Yes,Credit card (automatic),66.4,2019.8,No Churn,No Churn,0.3888838576464112,Medium Risk
Female,No,Yes,No,24,Yes,Yes,Fiber optic,No,No,Yes,No,No,No,Month-to-month,Yes,Mailed check,79.65,1928.7,No Churn,Churn,0.7443271387893606,High Risk
Female,No,Yes,Yes,71,Yes,No,DSL,Yes,No,Yes,No,Yes,Yes,Two year,No,Credit card (automatic),77.55,5574.35,No Churn,No Churn,0.03355281831340463,Low Risk
Male,No,Yes,Yes,17,Yes,Yes,No,No internet service,No internet service,No internet service,No internet service,No internet service,No internet service,Two year,Yes,Mailed check,25.15,412.6,No Churn,No Churn,0.10453638044706479,Low Risk
Female,No,Yes,No,15,Yes,No,Fiber optic,No,No,Yes,No,Yes,No,Month-to-month,Yes,Electronic check,84.3,1308.4,Churn,Churn,0.8396691562142503,High Risk
Male,No,Yes,Yes,68,Yes,No,DSL,Yes,Yes,Yes,Yes,No,No,Two year,No,Credit card (automatic),62.65,4375.8,No Churn,No Churn,0.013598681292838121,Low Risk
Female,No,Yes,Yes,28,Yes,No,Fiber optic,No,No,No,No,Yes,Yes,One year,Yes,Bank transfer (automatic),90.1,2598.95,Churn,Churn,0.5137438127493391,Medium Risk
Female,No,No,No,63,Yes,Yes,Fiber optic,No,Yes,Yes,Yes,Yes,Yes,Month-to-month,Yes,Credit card (automatic),109.85,7002.95,No Churn,Churn,0.5017826040628612,Medium Risk
Male,No,No,No,12,Yes,Yes,Fiber optic,No,Yes,Yes,No,Yes,Yes,Month-to-month,Yes,Electronic check,106.7,1253.9,Churn,Churn,0.9031800529001083,High Risk
Male,No,Yes,Yes,67,Yes,Yes,No,No internet service,No internet service,No internet service,No internet service,No internet service,No internet service,Two year,No,Bank transfer (automatic),24.65,1620.45,No Churn,No Churn,0.01731531907835159,Low Risk
Male,No,No,No,1,No,No phone service,DSL,No,No,No,No,No,Yes,Month-to-month,Yes,Electronic check,35.55,35.55,Churn,Churn,0.8363865122280427,High Risk
Female,No,No,Yes,1,Yes,No,DSL,No,No,Yes,No,No,Yes,Month-to-month,No,Electronic check,59.2,59.2,Churn,Churn,0.6754181543492993,High Risk
Female,No,Yes,No,64,Yes,Yes,Fiber optic,Yes,Yes,Yes,Yes,Yes,Yes,One year,Yes,Electronic check,115.0,7396.15,No Churn,No Churn,0.28838310061552663,Low Risk
Male,No,No,No,44,Yes,No,No,No internet service,No internet service,No internet service,No internet service,No internet service,No internet service,One year,No,Credit card (automatic),19.5,835.5,No Churn,No Churn,0.06692424097097661,Low Risk
Male,No,No,No,1,Yes,No,DSL,No,No,No,No,Yes,No,Month-to-month,Yes,Mailed check,53.5,53.5,Churn,Churn,0.7086770635393467,High Risk
Female,Yes,No,No,35,Yes,No,Fiber optic,No,No,No,No,No,No,Month-to-month,No,Electronic check,70.55,2419.0,No Churn,Churn,0.6618037493724344,High Risk
Male,No,Yes,Yes,72,Yes,Yes,Fiber optic,Yes,Yes,Yes,Yes,Yes,Yes,Two year,Yes,Electronic check,114.0,8093.15,No Churn,No Churn,0.11634186620430433,Low Risk
Male,No,No,No,32,Yes,Yes,Fiber optic,No,Yes,No,No,No,No,Month-to-month,Yes,Bank transfer (automatic),80.35,2596.15,Churn,Churn,0.6405128261912761,High Risk
Male,No,No,No,19,Yes,No,Fiber optic,No,No,Yes,Yes,Yes,No,Month-to-month,No,Mailed check,89.95,1682.4,No Churn,Churn,0.6613418090073103,High Risk
Female,No,No,No,7,Yes,No,Fiber optic,No,No,Yes,No,No,No,Month-to-month,Yes,Electronic check,75.15,525.0,No Churn,Churn,0.8365626909872749,High Risk
Male,No,No,No,25,Yes,No,Fiber optic,Yes,No,Yes,Yes,Yes,Yes,Month-to-month,Yes,Electronic check,105.5,2686.05,No Churn,Churn,0.7204186396603869,High Risk
Male,No,Yes,No,63,Yes,Yes,DSL,No,Yes,No,Yes,No,Yes,Two year,No,Mailed check,67.25,4234.15,No Churn,No Churn,0.051398497269840006,Low Risk
Male,Yes,No,No,46,Yes,No,Fiber optic,Yes,No,No,No,No,Yes,Month-to-month,No,Electronic check,85.0,3969.4,Churn,Churn,0.5601079945412344,Medium Risk
Female,No,No,Yes,15,Yes,No,No,No internet service,No internet service,No internet service,No internet service,No internet service,No internet service,One year,No,Mailed check,19.65,270.6,No Churn,No Churn,0.12485138536275434,Low Risk
Female,No,No,No,7,Yes,No,DSL,No,No,No,Yes,Yes,No,Month-to-month,Yes,Mailed check,59.5,415.95,Churn,Churn,0.5889032696554759,Medium Risk
Female,Yes,No,No,11,Yes,Yes,Fiber optic,No,No,No,No,Yes,Yes,Month-to-month,Yes,Bank transfer (automatic),95.15,997.65,Churn,Churn,0.8970561540005613,High Risk
Female,No,Yes,Yes,67,Yes,Yes,Fiber optic,No,Yes,No,Yes,Yes,No,Two year,No,Credit card (automatic),94.1,6302.8,No Churn,No Churn,0.08210811307858958,Low Risk
Male,No,Yes,Yes,47,Yes,Yes,DSL,Yes,Yes,Yes,Yes,Yes,Yes,Two year,Yes,Mailed check,90.5,4318.35,No Churn,No Churn,0.07741226968294561,Low Risk
Male,No,No,No,24,Yes,No,DSL,No,Yes,No,No,No,No,Month-to-month,Yes,Mailed check,49.7,1218.25,No Churn,No Churn,0.4322423767392325,Medium Risk
Male,No,Yes,No,55,No,No phone service,DSL,No,No,Yes,Yes,Yes,Yes,Month-to-month,Yes,Bank transfer (automatic),54.55,2978.3,Churn,No Churn,0.3854569517333293,Medium Risk
Female,No,No,No,22,Yes,No,Fiber optic,No,No,No,No,Yes,Yes,Month-to-month,No,Electronic check,89.25,1907.85,Churn,Churn,0.814708497650555,High Risk
Male,No,Yes,No,72,Yes,Yes,Fiber optic,No,Yes,No,No,Yes,Yes,Two year,Yes,Electronic check,99.4,7285.7,No Churn,No Churn,0.24666277802433187,Low Risk
Male,No,No,No,46,No,No phone service,DSL,Yes,No,No,No,No,No,One year,Yes,Bank transfer (automatic),30.75,1489.3,No Churn,No Churn,0.16344139716295406,Low Risk
Female,Yes,Yes,No,65,Yes,Yes,Fiber optic,No,Yes,Yes,No,Yes,Yes,One year,Yes,Electronic check,106.25,6979.8,Churn,No Churn,0.49416145903647124,Medium Risk
Female,No,No,No,17,Yes,Yes,No,No internet service,No internet service,No internet service,No internet service,No internet service,No internet service,Month-to-month,No,Mailed check,24.8,475.25,No Churn,No Churn,0.3375508263939716,Medium Risk
Female,Yes,Yes,No,17,Yes,Yes,Fiber optic,Yes,No,Yes,No,No,No,Month-to-month,Yes,Bank transfer (automatic),85.35,1463.45,Churn,Churn,0.7300021998814316,High Risk
Male,No,No,No,11,Yes,No,No,No internet service,No internet service,No internet service,No internet service,No internet service,No internet service,Two year,No,Mailed check,20.4,231.45,No Churn,No Churn,0.09601306675064013,Low Risk
Male,No,No,No,63,Yes,No,Fiber optic,Yes,Yes,Yes,Yes,Yes,Yes,Two year,No,Credit card (automatic),109.2,7049.75,No Churn,No Churn,0.08561779430733527,Low Risk
Male,No,No,No,42,Yes,Yes,Fiber optic,Yes,Yes,Yes,No,No,Yes,One year,Yes,Electronic check,99.0,4298.45,No Churn,No Churn,0.464973079124922,Medium Risk
Female,No,No,No,11,Yes,No,DSL,Yes,No,Yes,No,No,Yes,Month-to-month,No,Bank transfer (automatic),64.05,733.95,No Churn,No Churn,0.46752592449598235,Medium Risk
Female,No,Yes,No,60,Yes,No,Fiber optic,Yes,No,No,Yes,Yes,Yes,Two year,Yes,Electronic check,97.2,5611.75,No Churn,No Churn,0.1656282880057685,Low Risk
Male,No,No,No,4,Yes,No,No,No internet service,No internet service,No internet service,No internet service,No internet service,No internet service,Month-to-month,Yes,Mailed check,19.65,67.55,No Churn,No Churn,0.41748652158542576,Medium Risk
Female,No,Yes,Yes,67,Yes,Yes,Fiber optic,Yes,No,Yes,Yes,Yes,Yes,Two year,Yes,Credit card (automatic),108.75,7156.2,Churn,No Churn,0.1116570031153052,Low Risk
Male,No,No,No,32,Yes,Yes,Fiber optic,Yes,Yes,No,Yes,Yes,Yes,Month-to-month,Yes,Credit card (automatic),108.15,3432.9,Churn,Churn,0.6341582316164225,High Risk
Female,No,Yes,Yes,64,Yes,Yes,Fiber optic,Yes,No,No,Yes,No,No,Month-to-month,Yes,Bank transfer (automatic),86.8,5327.25,No Churn,No Churn,0.21482831007604453,Low Risk
Male,No,Yes,No,63,Yes,No,DSL,Yes,Yes,No,Yes,Yes,No,One year,No,Credit card (automatic),70.8,4448.8,No Churn,No Churn,0.04660934972921032,Low Risk
Male,No,No,No,8,No,No phone service,DSL,Yes,No,No,No,No,No,Month-to-month,No,Mailed check,29.35,216.45,No Churn,Churn,0.5478805709752013,Medium Risk
Male,No,Yes,No,71,Yes,No,DSL,Yes,No,Yes,Yes,Yes,Yes,Two year,Yes,Electronic check,82.55,5832.65,No Churn,No Churn,0.05363432296930795,Low Risk
Female,No,Yes,Yes,9,Yes,No,No,No internet service,No internet service,No internet service,No internet service,No internet service,No internet service,Two year,No,Mailed check,20.35,191.1,No Churn,No Churn,0.07859525807774113,Low Risk
Female,No,Yes,No,54,Yes,Yes,DSL,No,No,No,No,Yes,Yes,One year,Yes,Credit card (automatic),70.15,3715.65,Churn,No Churn,0.264445351765786,Low Risk
Male,No,Yes,No,61,Yes,Yes,Fiber optic,No,Yes,Yes,Yes,Yes,Yes,Month-to-month,Yes,Electronic check,114.1,7132.15,No Churn,Churn,0.5772875559517667,Medium Risk
Female,No,Yes,No,59,Yes,No,No,No internet service,No internet service,No internet service,No internet service,No internet service,No internet service,One year,No,Mailed check,20.35,1267.0,No Churn,No Churn,0.04230970289281873,Low Risk
Female,No,No,No,53,Yes,Yes,Fiber optic,No,Yes,Yes,No,Yes,Yes,Two year,No,Electronic check,105.55,5682.25,No Churn,No Churn,0.3316648429219091,Medium Risk
Male,No,No,No,1,Yes,No,Fiber optic,No,No,No,No,No,No,Month-to-month,Yes,Electronic check,69.55,69.55,Churn,Churn,0.8552471198910098,High Risk
Female,No,No,No,5,Yes,No,DSL,No,No,No,No,No,No,Month-to-month,Yes,Credit card (automatic),44.05,202.15,No Churn,Churn,0.6050860777446442,High Risk
Female,No,Yes,Yes,61,Yes,Yes,DSL,Yes,Yes,Yes,Yes,Yes,Yes,Two year,No,Mailed check,88.1,5526.75,No Churn,No Churn,0.04181385111513401,Low Risk
Male,No,No,No,11,No,No phone service,DSL,No,No,Yes,No,Yes,No,One year,Yes,Electronic check,41.6,470.6,Churn,Churn,0.6419550432664448,High Risk
Female,No,Yes,Yes,54,Yes,Yes,DSL,Yes,Yes,Yes,Yes,Yes,Yes,Two year,No,Credit card (automatic),91.3,4965.0,No Churn,No Churn,0.048276786263725426,Low Risk
Female,No,No,No,69,Yes,Yes,DSL,Yes,Yes,No,Yes,No,No,Two year,Yes,Mailed check,66.9,4577.9,No Churn,No Churn,0.028580946166043883,Low Risk
Male,No,No,No,17,Yes,No,Fiber optic,No,No,Yes,No,No,No,Month-to-month,Yes,Electronic check,76.65,1313.55,Churn,Churn,0.7865240447794122,High Risk
Male,No,Yes,Yes,1,Yes,No,DSL,Yes,No,No,No,No,No,Month-to-month,Yes,Mailed check,48.75,48.75,No Churn,No Churn,0.47768448680515907,Medium Risk
Female,Yes,Yes,No,50,Yes,Yes,Fiber optic,Yes,Yes,Yes,No,Yes,Yes,Month-to-month,No,Bank transfer (automatic),108.75,5431.9,No Churn,Churn,0.5516444949521354,Medium Risk
Female,No,No,No,37,Yes,No,No,No internet service,No internet service,No internet service,No internet service,No internet service,No internet service,Two year,No,Mailed check,19.8,813.3,No Churn,No Churn,0.04589652510819426,Low Risk
Male,No,No,Yes,61,Yes,No,No,No internet service,No internet service,No internet service,No internet service,No internet service,No internet service,Two year,No,Mailed check,19.75,1124.2,No Churn,No Churn,0.017685866306624266,Low Risk
Female,No,Yes,Yes,41,Yes,No,DSL,No,Yes,No,Yes,No,Yes,One year,Yes,Bank transfer (automatic),66.5,2728.6,Churn,No Churn,0.11576506042783825,Low Risk
Female,Yes,No,No,44,Yes,No,Fiber optic,No,Yes,Yes,No,No,Yes,One year,No,Credit card (automatic),89.15,3990.75,No Churn,No Churn,0.3742926878615261,Medium Risk
Female,No,No,No,41,No,No phone service,DSL,No,Yes,No,No,No,Yes,Month-to-month,Yes,Electronic check,40.35,1677.85,No Churn,Churn,0.5672667429227137,Medium Risk
Female,No,No,No,66,Yes,Yes,Fiber optic,No,No,Yes,No,Yes,No,One year,Yes,Bank transfer (automatic),92.15,6056.9,No Churn,No Churn,0.3117977339730067,Medium Risk
Male,No,No,Yes,69,Yes,Yes,DSL,Yes,Yes,Yes,Yes,Yes,No,Two year,Yes,Credit card (automatic),79.45,5502.55,No Churn,No Churn,0.03165552518746614,Low Risk
Female,Yes,Yes,No,50,Yes,Yes,No,No internet service,No internet service,No internet service,No internet service,No internet service,No internet service,One year,No,Electronic check,25.2,1306.3,No Churn,No Churn,0.11741479119966393,Low Risk
Female,No,No,Yes,16,Yes,No,No,No internet service,No internet service,No internet service,No internet service,No internet service,No internet service,One year,Yes,Bank transfer (automatic),19.3,360.35,No Churn,No Churn,0.13896425009951482,Low Risk
Male,No,Yes,No,50,Yes,Yes,Fiber optic,Yes,No,Yes,No,Yes,Yes,One year,Yes,Electronic check,103.95,5231.3,No Churn,Churn,0.5015219089252022,Medium Risk
Female,No,Yes,No,10,Yes,No,DSL,No,No,Yes,No,Yes,Yes,Month-to-month,Yes,Credit card (automatic),67.8,653.15,No Churn,Churn,0.7073670297087292,High Risk
Female,No,Yes,No,1,Yes,No,Fiber optic,No,No,No,No,Yes,No,Month-to-month,Yes,Bank transfer (automatic),79.35,79.35,Churn,Churn,0.8363748886073064,High Risk
Female,Yes,No,No,3,Yes,No,Fiber optic,No,No,Yes,No,No,No,Month-to-month,No,Mailed check,75.05,202.9,No Churn,Churn,0.8021293314203608,High Risk
Female,No,Yes,No,64,Yes,Yes,Fiber optic,No,Yes,No,Yes,Yes,Yes,Two year,Yes,Bank transfer (automatic),105.4,6794.75,No Churn,No Churn,0.16451344021629882,Low Risk
Female,No,Yes,No,72,Yes,No,DSL,Yes,Yes,Yes,Yes,Yes,Yes,Two year,No,Mailed check,85.1,6155.4,No Churn,No Churn,0.02753744747150367,Low Risk
Female,Yes,Yes,No,60,Yes,Yes,Fiber optic,Yes,Yes,Yes,Yes,Yes,Yes,Two year,Yes,Bank transfer (automatic),116.05,6925.9,No Churn,No Churn,0.16183425913656335,Low Risk
Female,No,Yes,No,8,Yes,Yes,Fiber optic,No,No,No,Yes,No,Yes,Month-to-month,Yes,Electronic check,90.25,743.75,No Churn,Churn,0.8550428109733872,High Risk
Male,Yes,No,No,57,Yes,Yes,Fiber optic,No,Yes,No,Yes,Yes,Yes,Month-to-month,Yes,Bank transfer (automatic),104.9,5913.95,No Churn,Churn,0.5684217209566056,Medium Risk
Female,No,Yes,No,26,Yes,No,DSL,No,Yes,No,Yes,Yes,Yes,Month-to-month,Yes,Electronic check,73.05,1959.5,No Churn,Churn,0.552694261540386,Medium Risk
Male,No,Yes,No,61,Yes,Yes,DSL,No,Yes,Yes,No,Yes,Yes,Two year,No,Bank transfer (automatic),80.9,4932.5,No Churn,No Churn,0.09047485653068503,Low Risk
Female,No,No,No,5,Yes,Yes,Fiber optic,No,No,No,No,No,No,Month-to-month,No,Electronic check,75.6,402.5,No Churn,Churn,0.8459229068077168,High Risk
Female,Yes,No,Yes,1,Yes,No,Fiber optic,No,No,No,No,No,No,Month-to-month,Yes,Electronic check,71.0,71.0,Churn,Churn,0.8491925950678543,High Risk
Male,No,Yes,Yes,7,No,No phone service,DSL,Yes,No,No,Yes,No,No,Month-to-month,Yes,Electronic check,34.5,279.25,Churn,Churn,0.5400713593736934,Medium Risk
Male,No,No,No,46,Yes,No,No,No internet service,No internet service,No internet service,No internet service,No internet service,No internet service,Two year,No,Bank transfer (automatic),20.05,902.0,No Churn,No Churn,0.031673982323041715,Low Risk
Female,No,No,No,68,Yes,Yes,Fiber optic,Yes,Yes,No,Yes,Yes,Yes,Two year,No,Credit card (automatic),110.25,7279.35,No Churn,No Churn,0.09403244579928872,Low Risk
Female,No,No,No,57,Yes,Yes,Fiber optic,Yes,Yes,Yes,No,Yes,Yes,Two year,Yes,Bank transfer (automatic),112.95,6465.0,Churn,No Churn,0.1987915089906642,Low Risk
Female,No,No,No,53,Yes,Yes,Fiber optic,Yes,Yes,Yes,No,No,No,Month-to-month,No,Electronic check,90.8,4921.2,No Churn,No Churn,0.43728461356901094,Medium Risk
Female,No,No,No,46,Yes,Yes,Fiber optic,No,Yes,Yes,No,No,Yes,One year,Yes,Electronic check,94.15,4408.45,No Churn,Churn,0.5305347861903238,Medium Risk
Female,Yes,No,No,8,Yes,Yes,Fiber optic,No,No,No,No,No,Yes,Month-to-month,No,Electronic check,85.2,695.75,No Churn,Churn,0.8918441421059585,High Risk
Male,No,Yes,Yes,40,Yes,No,Fiber optic,No,No,Yes,No,Yes,No,One year,Yes,Electronic check,85.05,3355.65,No Churn,No Churn,0.4615961864508049,Medium Risk
Male,No,No,Yes,26,No,No phone service,DSL,No,Yes,No,No,Yes,No,One year,Yes,Bank transfer (automatic),39.95,1023.75,No Churn,No Churn,0.3344812940144966,Medium Risk
Male,Yes,Yes,Yes,60,Yes,Yes,Fiber optic,Yes,Yes,No,No,No,Yes,Month-to-month,Yes,Electronic check,93.25,5774.55,No Churn,No Churn,0.493374465394913,Medium Risk
Female,Yes,Yes,Yes,11,Yes,Yes,Fiber optic,No,No,Yes,No,No,No,Month-to-month,Yes,Credit card (automatic),78.1,864.85,No Churn,Churn,0.8055349447223666,High Risk
Female,Yes,No,No,16,Yes,Yes,Fiber optic,No,No,No,No,Yes,Yes,Month-to-month,Yes,Electronic check,96.4,1581.2,Churn,Churn,0.9174197024120091,High Risk
Female,Yes,No,No,34,No,No phone service,DSL,No,Yes,Yes,No,Yes,Yes,Month-to-month,Yes,Electronic check,56.25,1765.95,No Churn,Churn,0.7371677413262904,High Risk
Male,No,Yes,No,47,Yes,No,No,No internet service,No internet service,No internet service,No internet service,No internet service,No internet service,Two year,No,Mailed check,19.65,973.1,No Churn,No Churn,0.032583829525067824,Low Risk
Male,No,Yes,Yes,1,Yes,No,Fiber optic,No,No,No,No,No,No,Month-to-month,Yes,Mailed check,69.9,69.9,Churn,Churn,0.7645893602951725,High Risk
Female,Yes,Yes,No,63,Yes,Yes,Fiber optic,No,Yes,Yes,No,Yes,Yes,Month-to-month,Yes,Electronic check,103.5,6479.4,No Churn,Churn,0.7018312890068393,High Risk
Female,Yes,No,No,72,Yes,Yes,Fiber optic,Yes,Yes,Yes,Yes,No,Yes,Two year,Yes,Bank transfer (automatic),107.4,7748.75,No Churn,No Churn,0.09193616358074126,Low Risk
Female,No,No,No,40,Yes,No,No,No internet service,No internet service,No internet service,No internet service,No internet service,No internet service,Two year,Yes,Bank transfer (automatic),20.6,827.3,No Churn,No Churn,0.0480857381448706,Low Risk
Male,No,No,No,4,Yes,Yes,Fiber optic,No,No,No,No,No,No,Month-to-month,Yes,Electronic check,74.35,265.35,Churn,Churn,0.880382371013633,High Risk
Male,No,Yes,Yes,5,Yes,Yes,Fiber optic,Yes,No,Yes,No,No,No,Month-to-month,Yes,Electronic check,84.5,453.75,Churn,Churn,0.7923272323585188,High Risk
Male,No,Yes,No,71,Yes,Yes,Fiber optic,Yes,Yes,Yes,Yes,Yes,Yes,Two year,Yes,Bank transfer (automatic),116.1,8310.55,No Churn,No Churn,0.10049124143082154,Low Risk
Male,No,No,No,3,Yes,No,Fiber optic,No,No,No,No,No,No,Month-to-month,Yes,Mailed check,70.3,220.4,No Churn,Churn,0.8017023638260525,High Risk
Female,No,Yes,No,3,Yes,Yes,Fiber optic,No,No,No,No,No,No,Month-to-month,Yes,Electronic check,75.85,256.6,Churn,Churn,0.8773889542947947,High Risk
Male,No,No,No,27,Yes,No,No,No internet service,No internet service,No internet service,No internet service,No internet service,No internet service,One year,No,Mailed check,20.3,595.05,No Churn,No Churn,0.1101538030793612,Low Risk
Female,No,Yes,No,41,Yes,No,No,No internet service,No internet service,No internet service,No internet service,No internet service,No internet service,Two year,No,Credit card (automatic),20.65,875.55,No Churn,No Churn,0.03757130795001596,Low Risk
Female,No,No,No,6,Yes,Yes,Fiber optic,No,No,No,No,No,No,Month-to-month,Yes,Mailed check,73.85,401.3,No Churn,Churn,0.8367297818890068,High Risk
Male,No,No,No,3,Yes,No,Fiber optic,No,No,Yes,Yes,Yes,No,Month-to-month,Yes,Mailed check,89.85,244.45,No Churn,Churn,0.8047191148869535,High Risk
Female,No,Yes,No,60,Yes,Yes,Fiber optic,Yes,Yes,No,No,No,Yes,Month-to-month,Yes,Credit card (automatic),94.1,5475.9,No Churn,No Churn,0.41674126729204036,Medium Risk
Male,Yes,Yes,No,57,Yes,Yes,Fiber optic,No,Yes,No,No,No,Yes,Month-to-month,Yes,Electronic check,89.85,4925.35,No Churn,Churn,0.6618707997838864,High Risk
Male,No,No,No,26,Yes,Yes,Fiber optic,No,No,Yes,No,Yes,Yes,Month-to-month,Yes,Electronic check,98.35,2515.3,Churn,Churn,0.8776738983251479,High Risk
Female,No,No,No,55,Yes,No,DSL,Yes,No,No,No,No,No,Month-to-month,Yes,Credit card (automatic),50.55,2832.75,No Churn,No Churn,0.179917569721503,Low Risk
Male,No,No,No,1,Yes,No,No,No internet service,No internet service,No internet service,No internet service,No internet service,No internet service,Month-to-month,Yes,Bank transfer (automatic),20.2,20.2,Churn,No Churn,0.41380708406492395,Medium Risk
Male,No,No,No,49,Yes,Yes,DSL,No,No,No,Yes,Yes,No,Two year,Yes,Bank transfer (automatic),66.15,3199.0,No Churn,No Churn,0.10129031684524308,Low Risk
Female,No,Yes,Yes,6,Yes,No,DSL,Yes,Yes,No,No,No,No,Month-to-month,No,Credit card (automatic),55.9,365.35,Churn,No Churn,0.3366528975716123,Medium Risk
Female,Yes,No,No,1,Yes,No,Fiber optic,No,No,No,No,No,No,Month-to-month,Yes,Electronic check,69.6,69.6,Churn,Churn,0.8789965960145542,High Risk
Female,No,Yes,Yes,39,Yes,No,Fiber optic,No,No,Yes,Yes,No,No,Month-to-month,Yes,Bank transfer (automatic),81.5,3107.3,No Churn,No Churn,0.4007102636331138,Medium Risk
Female,No,No,No,1,Yes,No,No,No internet service,No internet service,No internet service,No internet service,No internet service,No internet service,Month-to-month,No,Mailed check,19.55,19.55,No Churn,No Churn,0.38041339743077224,Medium Risk
Female,No,Yes,No,70,No,No phone service,DSL,No,Yes,Yes,Yes,Yes,Yes,Two year,No,Bank transfer (automatic),57.8,4039.3,No Churn,No Churn,0.06159240593986697,Low Risk
Female,No,No,No,1,Yes,Yes,DSL,No,No,No,No,No,No,Month-to-month,Yes,Bank transfer (automatic),49.95,49.95,Churn,Churn,0.6853849357890552,High Risk
Female,No,Yes,No,13,No,No phone service,DSL,No,No,Yes,No,Yes,Yes,Month-to-month,Yes,Bank transfer (automatic),48.75,633.4,Churn,Churn,0.7647471048769918,High Risk
Female,No,Yes,Yes,65,Yes,Yes,DSL,Yes,Yes,Yes,Yes,Yes,Yes,Two year,Yes,Mailed check,90.45,5957.9,No Churn,No Churn,0.046118395748645256,Low Risk
Male,Yes,No,No,21,Yes,Yes,Fiber optic,No,Yes,Yes,No,Yes,Yes,Month-to-month,Yes,Electronic check,104.35,2271.85,No Churn,Churn,0.89889148090382,High Risk
Female,No,No,No,50,No,No phone service,DSL,No,Yes,Yes,Yes,No,No,Two year,No,Credit card (automatic),39.7,1932.75,No Churn,No Churn,0.06864920951276357,Low Risk
Female,No,No,No,12,No,No phone service,DSL,No,Yes,Yes,Yes,Yes,Yes,One year,No,Electronic check,60.65,743.3,No Churn,Churn,0.534241206820339,Medium Risk
Male,No,No,No,26,Yes,No,Fiber optic,No,Yes,No,No,No,No,One year,No,Bank transfer (automatic),75.5,2018.1,No Churn,No Churn,0.35706283598410427,Medium Risk
Female,Yes,No,No,2,No,No phone service,DSL,No,No,Yes,No,No,No,Month-to-month,Yes,Electronic check,30.4,78.65,Churn,Churn,0.8267765503577852,High Risk
Female,Yes,No,No,46,Yes,Yes,DSL,No,No,Yes,Yes,No,Yes,One year,Yes,Credit card (automatic),69.1,3255.35,No Churn,No Churn,0.2472309543825457,Low Risk
Female,No,Yes,No,46,Yes,Yes,Fiber optic,No,Yes,Yes,Yes,Yes,Yes,Two year,Yes,Credit card (automatic),108.9,4854.3,No Churn,No Churn,0.28157139957093,Low Risk
Female,No,Yes,Yes,61,Yes,Yes,Fiber optic,No,Yes,No,No,Yes,Yes,Month-to-month,Yes,Electronic check,99.15,6010.05,Churn,Churn,0.6042218422988762,High Risk
Female,No,Yes,No,18,Yes,Yes,Fiber optic,No,No,No,Yes,Yes,No,Month-to-month,Yes,Electronic check,88.85,1594.75,No Churn,Churn,0.8170699663871621,High Risk
Male,No,No,No,19,Yes,Yes,DSL,No,No,No,No,Yes,Yes,Month-to-month,No,Mailed check,69.6,1394.55,No Churn,Churn,0.6616723723755871,High Risk
Male,No,Yes,Yes,13,Yes,Yes,Fiber optic,No,No,No,No,No,No,Month-to-month,Yes,Credit card (automatic),74.4,896.75,Churn,Churn,0.7489956176074124,High Risk
Male,No,Yes,Yes,13,Yes,Yes,No,No internet service,No internet service,No internet service,No internet service,No internet service,No internet service,One year,No,Bank transfer (automatic),24.5,343.6,No Churn,No Churn,0.15122921625495894,Low Risk
Female,No,No,No,4,No,No phone service,DSL,Yes,No,Yes,No,No,No,Month-to-month,No,Mailed check,35.0,135.75,No Churn,Churn,0.5882259913547226,Medium Risk
Female,No,Yes,Yes,72,Yes,Yes,Fiber optic,Yes,No,Yes,Yes,Yes,Yes,Two year,No,Mailed check,107.45,7576.7,No Churn,No Churn,0.08048975378565272,Low Risk
Male,No,No,Yes,1,No,No phone service,DSL,No,No,No,No,No,No,Month-to-month,No,Mailed check,24.2,24.2,No Churn,Churn,0.6352352328521931,High Risk
Female,No,No,No,13,Yes,Yes,Fiber optic,No,Yes,Yes,Yes,No,No,Month-to-month,No,Electronic check,89.4,1132.35,Churn,Churn,0.7397843746621735,High Risk
Female,No,No,No,3,Yes,No,No,No internet service,No internet service,No internet service,No internet service,No internet service,No internet service,Month-to-month,Yes,Mailed check,19.6,59.75,Churn,No Churn,0.42602021668125983,Medium Risk
Male,No,No,No,3,Yes,No,Fiber optic,No,No,Yes,No,No,Yes,Month-to-month,No,Credit card (automatic),85.7,256.75,No Churn,Churn,0.809468378486204,High Risk
Female,Yes,No,No,9,Yes,Yes,Fiber optic,No,No,Yes,No,Yes,No,Month-to-month,Yes,Electronic check,90.1,816.8,No Churn,Churn,0.9161850565833773,High Risk
Male,No,Yes,Yes,20,Yes,No,Fiber optic,No,No,No,No,Yes,Yes,Month-to-month,Yes,Electronic check,90.2,1776.55,Churn,Churn,0.8168804058465186,High Risk
Female,No,No,No,7,Yes,Yes,Fiber optic,No,No,No,No,No,No,Month-to-month,Yes,Bank transfer (automatic),75.1,552.95,Churn,Churn,0.8157419730633011,High Risk
Male,Yes,No,No,1,Yes,No,Fiber optic,No,No,No,No,No,No,Month-to-month,Yes,Electronic check,69.75,69.75,Churn,Churn,0.878437752067318,High Risk
Female,No,No,No,23,Yes,Yes,Fiber optic,No,No,No,No,Yes,Yes,Month-to-month,Yes,Electronic check,93.5,2341.55,No Churn,Churn,0.8829178997507763,High Risk
Female,No,Yes,No,65,Yes,No,DSL,Yes,No,Yes,Yes,No,No,Two year,No,Credit card (automatic),58.9,3857.1,No Churn,No Churn,0.021243568230458233,Low Risk
Female,No,Yes,Yes,52,Yes,No,No,No internet service,No internet service,No internet service,No internet service,No internet service,No internet service,Two year,No,Mailed check,19.35,1031.7,No Churn,No Churn,0.02237113466730096,Low Risk
Male,No,No,No,3,Yes,No,DSL,No,No,No,Yes,No,No,Month-to-month,Yes,Mailed check,50.25,152.3,No Churn,Churn,0.5410809276238703,Medium Risk
Female,No,Yes,No,6,Yes,Yes,Fiber optic,No,Yes,No,No,No,Yes,Month-to-month,Yes,Electronic check,90.75,512.25,No Churn,Churn,0.8844626441853369,High Risk
Male,No,Yes,No,4,Yes,No,Fiber optic,No,No,No,No,No,No,Month-to-month,No,Electronic check,70.5,294.2,No Churn,Churn,0.7982463339727264,High Risk
Male,No,Yes,No,44,Yes,Yes,Fiber optic,Yes,No,Yes,No,No,No,Month-to-month,Yes,Credit card (automatic),84.8,3626.35,No Churn,Churn,0.508002066258818,Medium Risk
Male,Yes,No,No,47,Yes,Yes,Fiber optic,No,No,No,No,Yes,No,Month-to-month,Yes,Credit card (automatic),86.05,3865.6,No Churn,Churn,0.6944050342335358,High Risk
Female,No,No,No,6,No,No phone service,DSL,Yes,Yes,No,Yes,No,Yes,Month-to-month,No,Credit card (automatic),50.95,307.6,No Churn,Churn,0.5079120569986328,Medium Risk
Male,No,No,No,7,Yes,Yes,Fiber optic,No,No,No,No,Yes,Yes,Month-to-month,No,Electronic check,96.2,639.7,No Churn,Churn,0.9027898438165473,High Risk
Male,No,No,No,53,Yes,Yes,DSL,No,Yes,Yes,Yes,No,Yes,Two year,Yes,Bank transfer (automatic),73.9,3958.25,No Churn,No Churn,0.08439280308117034,Low Risk
Female,No,No,No,3,Yes,No,DSL,No,No,No,No,No,No,Month-to-month,No,Mailed check,44.75,148.05,No Churn,Churn,0.5643303042670696,Medium Risk
Male,No,No,Yes,6,Yes,No,No,No internet service,No internet service,No internet service,No internet service,No internet service,No internet service,Month-to-month,No,Mailed check,19.55,128.6,No Churn,No Churn,0.2921784151190194,Low Risk
Male,No,No,No,10,Yes,No,Fiber optic,No,No,No,No,Yes,Yes,Month-to-month,Yes,Electronic check,89.5,863.1,Churn,Churn,0.8905904984127412,High Risk
Female,No,Yes,Yes,25,Yes,No,Fiber optic,No,Yes,Yes,No,Yes,No,Month-to-month,Yes,Bank transfer (automatic),89.15,2257.75,Churn,Churn,0.637910200381736,High Risk
Female,No,No,No,45,Yes,Yes,Fiber optic,No,No,Yes,No,No,Yes,Month-to-month,Yes,Credit card (automatic),89.3,4192.15,No Churn,Churn,0.6751701119631066,High Risk
Female,No,Yes,No,3,Yes,Yes,Fiber optic,No,No,No,No,Yes,Yes,Month-to-month,No,Electronic check,94.9,273.2,No Churn,Churn,0.9108525249191513,High Risk
Male,No,No,No,2,Yes,No,Fiber optic,No,No,Yes,Yes,No,No,Month-to-month,Yes,Electronic check,79.85,152.45,Churn,Churn,0.8099994565497747,High Risk
Female,No,No,No,7,Yes,No,No,No internet service,No internet service,No internet service,No internet service,No internet service,No internet service,One year,No,Mailed check,19.9,173.15,No Churn,No Churn,0.18785371708724294,Low Risk
Female,No,No,No,50,Yes,Yes,Fiber optic,No,No,No,No,Yes,Yes,Month-to-month,Yes,Electronic check,95.7,4729.75,No Churn,Churn,0.7618483548965408,High Risk
Female,No,Yes,Yes,67,Yes,Yes,Fiber optic,Yes,No,Yes,Yes,No,Yes,One year,Yes,Bank transfer (automatic),100.25,6689.0,No Churn,No Churn,0.1391181144342815,Low Risk
Female,No,Yes,Yes,28,Yes,No,Fiber optic,No,No,No,No,No,Yes,Month-to-month,Yes,Electronic check,81.05,2227.1,Churn,Churn,0.7183690537169004,High Risk
Male,Yes,Yes,No,46,No,No phone service,DSL,No,Yes,Yes,Yes,Yes,Yes,One year,Yes,Bank transfer (automatic),59.9,2816.65,Churn,No Churn,0.28727855920170914,Low Risk
Male,No,No,No,66,No,No phone service,DSL,No,No,No,Yes,No,No,One year,No,Credit card (automatic),29.45,1983.15,No Churn,No Churn,0.08558993479102084,Low Risk
Male,No,Yes,No,43,Yes,Yes,DSL,Yes,No,Yes,No,Yes,Yes,One year,Yes,Electronic check,80.2,3581.6,No Churn,No Churn,0.33454521281837124,Medium Risk
Male,No,No,No,1,Yes,No,DSL,No,No,No,No,No,No,Month-to-month,Yes,Mailed check,45.85,45.85,Churn,Churn,0.6356778693267586,High Risk
Male,No,Yes,No,47,Yes,Yes,No,No internet service,No internet service,No internet service,No internet service,No internet service,No internet service,Month-to-month,No,Electronic check,25.4,1139.2,No Churn,No Churn,0.20640403925928238,Low Risk
Male,No,Yes,Yes,61,Yes,No,No,No internet service,No internet service,No internet service,No internet service,No internet service,No internet service,One year,No,Mailed check,20.4,1226.45,No Churn,No Churn,0.03153774226205678,Low Risk
Female,No,Yes,Yes,34,Yes,No,No,No internet service,No internet service,No internet service,No internet service,No internet service,No internet service,Month-to-month,No,Mailed check,20.65,716.4,No Churn,No Churn,0.14144118853615542,Low Risk
Male,No,No,No,1,Yes,No,No,No internet service,No internet service,No internet service,No internet service,No internet service,No internet service,Month-to-month,Yes,Mailed check,19.3,19.3,Churn,No Churn,0.441111880542563,Medium Risk
Male,No,Yes,Yes,70,No,No phone service,DSL,No,Yes,Yes,Yes,Yes,Yes,One year,No,Electronic check,60.35,4138.7,No Churn,No Churn,0.125879683556974,Low Risk
Male,No,No,No,66,Yes,No,No,No internet service,No internet service,No internet service,No internet service,No internet service,No internet service,Two year,No,Bank transfer (automatic),19.7,1253.8,No Churn,No Churn,0.01740678528037251,Low Risk
Female,No,No,No,18,Yes,No,Fiber optic,Yes,No,No,No,Yes,Yes,Month-to-month,Yes,Electronic check,96.05,1740.7,Churn,Churn,0.8103367822017522,High Risk
Female,No,Yes,Yes,20,Yes,No,No,No internet service,No internet service,No internet service,No internet service,No internet service,No internet service,Month-to-month,No,Mailed check,20.35,442.6,No Churn,No Churn,0.20293526988369903,Low Risk
Male,No,Yes,Yes,34,No,No phone service,DSL,Yes,No,No,No,No,No,One year,No,Bank transfer (automatic),30.4,938.65,No Churn,No Churn,0.14237024730886866,Low Risk
Female,No,No,No,2,Yes,No,Fiber optic,No,No,No,No,No,No,Month-to-month,No,Electronic check,70.35,139.25,No Churn,Churn,0.8158181427460554,High Risk
Male,No,Yes,Yes,2,Yes,No,Fiber optic,No,No,No,No,No,No,Month-to-month,No,Mailed check,69.95,143.9,No Churn,Churn,0.7098471573679742,High Risk
Female,No,No,No,42,Yes,Yes,DSL,Yes,Yes,No,No,No,No,One year,Yes,Bank transfer (automatic),60.15,2421.6,No Churn,No Churn,0.1427718635566512,Low Risk
Male,No,Yes,No,4,Yes,No,Fiber optic,No,No,No,No,Yes,No,Month-to-month,Yes,Electronic check,80.35,307.4,Churn,Churn,0.8738305608617097,High Risk
Female,No,Yes,No,6,Yes,Yes,Fiber optic,No,Yes,Yes,No,Yes,Yes,Month-to-month,Yes,Electronic check,105.3,545.2,Churn,Churn,0.9161664949134972,High Risk
Female,Yes,Yes,No,26,Yes,No,DSL,No,No,Yes,No,No,Yes,One year,No,Mailed check,60.7,1597.4,No Churn,No Churn,0.31972725798894286,Medium Risk
Female,No,No,No,2,Yes,Yes,Fiber optic,No,No,No,No,No,Yes,Month-to-month,Yes,Electronic check,85.7,169.8,Churn,Churn,0.9119517446213791,High Risk
Female,No,Yes,No,47,Yes,Yes,Fiber optic,Yes,Yes,Yes,No,Yes,No,Month-to-month,Yes,Electronic check,98.75,4533.7,Churn,Churn,0.6148999706256673,High Risk
Male,No,No,No,34,Yes,Yes,No,No internet service,No internet service,No internet service,No internet service,No internet service,No internet service,Two year,No,Bank transfer (automatic),26.1,980.35,No Churn,No Churn,0.06000901878321755,Low Risk
Male,Yes,Yes,No,57,Yes,Yes,Fiber optic,No,Yes,Yes,No,No,Yes,Month-to-month,Yes,Bank transfer (automatic),95.25,5427.05,Churn,Churn,0.5746706435937752,Medium Risk
Female,No,No,No,48,Yes,Yes,No,No internet service,No internet service,No internet service,No internet service,No internet service,No internet service,One year,No,Bank transfer (automatic),24.55,1203.95,No Churn,No Churn,0.07468513069884501,Low Risk
Male,No,No,Yes,6,Yes,Yes,No,No internet service,No internet service,No internet service,No internet service,No internet service,No internet service,Month-to-month,No,Mailed check,26.35,184.05,No Churn,No Churn,0.35555161510985633,Medium Risk
Female,Yes,No,No,7,Yes,No,DSL,Yes,No,No,No,No,No,Month-to-month,Yes,Electronic check,48.2,340.35,No Churn,Churn,0.6302435032424111,High Risk
Male,No,No,No,1,Yes,No,Fiber optic,No,No,No,No,No,No,Month-to-month,Yes,Electronic check,70.35,70.35,No Churn,Churn,0.8541462250801718,High Risk
Female,No,Yes,Yes,69,Yes,Yes,DSL,Yes,No,Yes,Yes,No,No,Two year,Yes,Credit card (automatic),64.15,4254.1,No Churn,No Churn,0.02574103988353012,Low Risk
Female,No,No,No,39,Yes,No,No,No internet service,No internet service,No internet service,No internet service,No internet service,No internet service,Two year,No,Credit card (automatic),20.7,762.45,No Churn,No Churn,0.04164172494070936,Low Risk
Male,No,Yes,No,31,Yes,Yes,Fiber optic,No,Yes,Yes,No,Yes,No,Month-to-month,No,Electronic check,93.8,3019.5,Churn,Churn,0.7483281833335879,High Risk
Male,No,No,No,62,Yes,Yes,Fiber optic,Yes,Yes,No,Yes,No,Yes,One year,No,Electronic check,102.0,6529.25,Churn,No Churn,0.19399054939163005,Low Risk
Male,No,No,No,69,Yes,Yes,DSL,Yes,Yes,Yes,Yes,Yes,Yes,Two year,No,Mailed check,90.65,6322.1,No Churn,No Churn,0.042071564806661764,Low Risk
Female,No,No,No,4,Yes,No,Fiber optic,No,Yes,Yes,Yes,Yes,Yes,One year,Yes,Electronic check,105.65,443.9,Churn,Churn,0.7428810784253418,High Risk
Male,No,No,No,32,Yes,No,No,No internet service,No internet service,No internet service,No internet service,No internet service,No internet service,Two year,Yes,Bank transfer (automatic),20.05,614.45,No Churn,No Churn,0.060875315364505515,Low Risk
Female,No,No,Yes,4,Yes,Yes,Fiber optic,No,Yes,No,No,Yes,No,Month-to-month,No,Mailed check,89.6,365.65,Churn,Churn,0.7974217539187983,High Risk
Male,Yes,No,No,55,No,No phone service,DSL,Yes,Yes,No,No,Yes,No,Month-to-month,Yes,Electronic check,44.85,2479.05,No Churn,No Churn,0.4194743924826484,Medium Risk
Female,No,No,No,1,Yes,No,DSL,No,No,No,No,No,Yes,Month-to-month,Yes,Electronic check,55.4,55.4,Churn,Churn,0.7624031881543403,High Risk
Female,Yes,No,No,59,Yes,Yes,Fiber optic,Yes,Yes,Yes,No,No,No,Month-to-month,Yes,Electronic check,89.75,5496.9,No Churn,Churn,0.5074569425969611,Medium Risk
Female,Yes,No,No,4,Yes,Yes,DSL,No,No,No,No,No,No,Month-to-month,No,Mailed check,48.75,179.85,No Churn,Churn,0.6797449479258022,High Risk
Female,No,No,No,23,Yes,No,DSL,No,Yes,Yes,No,No,No,One year,No,Bank transfer (automatic),55.8,1327.85,No Churn,No Churn,0.20643943500174528,Low Risk
Male,No,Yes,Yes,72,Yes,Yes,No,No internet service,No internet service,No internet service,No internet service,No internet service,No internet service,Two year,No,Bank transfer (automatic),25.0,1738.9,No Churn,No Churn,0.014819806437184571,Low Risk
Female,No,Yes,Yes,19,Yes,Yes,No,No internet service,No internet service,No internet service,No internet service,No internet service,No internet service,Two year,Yes,Bank transfer (automatic),24.9,467.7,No Churn,No Churn,0.0907266833434692,Low Risk
Male,No,Yes,Yes,62,Yes,Yes,No,No internet service,No internet service,No internet service,No internet service,No internet service,No internet service,Two year,Yes,Bank transfer (automatic),24.25,1424.6,No Churn,No Churn,0.025880990991839815,Low Risk
Male,No,Yes,Yes,72,Yes,Yes,Fiber optic,Yes,Yes,Yes,Yes,Yes,Yes,Two year,Yes,Credit card (automatic),114.05,8468.2,No Churn,No Churn,0.08568397530127148,Low Risk
Male,Yes,No,No,3,Yes,Yes,Fiber optic,No,No,No,No,No,No,Month-to-month,Yes,Electronic check,77.0,237.75,Churn,Churn,0.9003501637768749,High Risk
Female,Yes,No,No,42,Yes,Yes,Fiber optic,No,Yes,Yes,No,Yes,Yes,Month-to-month,Yes,Bank transfer (automatic),104.75,4323.45,Churn,Churn,0.7549381049597231,High Risk
Female,No,No,No,8,Yes,No,DSL,Yes,No,No,No,Yes,No,Month-to-month,Yes,Electronic check,60.0,487.75,No Churn,Churn,0.6422541141022866,High Risk
Female,Yes,Yes,No,27,Yes,No,Fiber optic,Yes,No,Yes,No,Yes,Yes,Month-to-month,Yes,Electronic check,101.25,2754.45,Churn,Churn,0.7981257437674316,High Risk
Female,No,No,No,1,Yes,Yes,Fiber optic,No,No,No,No,No,No,Month-to-month,Yes,Electronic check,74.5,74.5,Churn,Churn,0.8899809620697162,High Risk
Female,Yes,No,No,4,Yes,No,Fiber optic,No,Yes,Yes,No,Yes,Yes,Month-to-month,Yes,Credit card (automatic),99.8,442.85,Churn,Churn,0.8868202165461709,High Risk
Female,No,No,No,1,Yes,No,No,No internet service,No internet service,No internet service,No internet service,No internet service,No internet service,Month-to-month,No,Mailed check,19.75,19.75,No Churn,No Churn,0.3798911905303508,Medium Risk
Male,No,No,No,23,Yes,Yes,Fiber optic,No,No,No,Yes,Yes,No,Month-to-month,Yes,Electronic check,90.6,1943.2,Churn,Churn,0.7966202622595515,High Risk
Male,No,No,No,39,No,No phone service,DSL,Yes,Yes,No,Yes,Yes,No,Month-to-month,Yes,Credit card (automatic),48.95,1880.85,Churn,No Churn,0.33156151992584487,Medium Risk
Female,Yes,Yes,No,33,Yes,Yes,Fiber optic,No,Yes,No,No,No,No,Month-to-month,Yes,Bank transfer (automatic),80.6,2656.5,Churn,Churn,0.6693345975711799,High Risk
Male,Yes,Yes,No,44,Yes,Yes,Fiber optic,No,Yes,No,No,No,Yes,One year,No,Mailed check,88.4,3912.9,Churn,No Churn,0.435443284972183,Medium Risk
Male,No,Yes,Yes,1,Yes,Yes,Fiber optic,No,No,No,No,No,No,Month-to-month,Yes,Electronic check,74.5,74.5,Churn,Churn,0.858374943855293,High Risk
Female,No,Yes,Yes,67,No,No phone service,DSL,Yes,No,No,Yes,No,No,Two year,No,Credit card (automatic),35.7,2545.7,No Churn,No Churn,0.02354889236717783,Low Risk
Female,No,Yes,Yes,48,Yes,No,DSL,Yes,Yes,Yes,No,No,Yes,Two year,Yes,Credit card (automatic),70.1,3238.4,No Churn,No Churn,0.0567669219345517,Low Risk
Male,No,Yes,Yes,6,Yes,No,No,No internet service,No internet service,No internet service,No internet service,No internet service,No internet service,One year,No,Mailed check,19.45,113.5,No Churn,No Churn,0.1522757579082315,Low Risk
Male,Yes,Yes,No,24,No,No phone service,DSL,Yes,No,No,No,No,Yes,Month-to-month,No,Bank transfer (automatic),39.1,971.3,Churn,Churn,0.5121188165014373,Medium Risk
Female,No,Yes,No,4,Yes,No,No,No internet service,No internet service,No internet service,No internet service,No internet service,No internet service,Month-to-month,No,Mailed check,19.6,93.45,No Churn,No Churn,0.34822302172034164,Medium Risk
Male,No,No,No,4,Yes,No,No,No internet service,No internet service,No internet service,No internet service,No internet service,No internet service,One year,No,Mailed check,19.7,117.8,No Churn,No Churn,0.20216600536344237,Low Risk
Female,Yes,Yes,No,56,Yes,Yes,DSL,Yes,Yes,Yes,Yes,No,No,One year,Yes,Credit card (automatic),68.45,4014.0,No Churn,No Churn,0.09375850415575915,Low Risk
Female,No,Yes,Yes,48,Yes,No,No,No internet service,No internet service,No internet service,No internet service,No internet service,No internet service,Two year,No,Mailed check,20.0,935.9,No Churn,No Churn,0.02505926447396402,Low Risk
Male,No,Yes,Yes,45,Yes,No,DSL,Yes,No,No,Yes,No,No,Two year,No,Bank transfer (automatic),54.65,2553.7,No Churn,No Churn,0.02710805988882218,Low Risk
Female,No,Yes,No,23,Yes,No,DSL,Yes,No,Yes,Yes,No,Yes,One year,Yes,Bank transfer (automatic),68.75,1689.45,No Churn,No Churn,0.19542766164718223,Low Risk
Male,Yes,Yes,No,72,Yes,Yes,No,No internet service,No internet service,No internet service,No internet service,No internet service,No internet service,Two year,Yes,Bank transfer (automatic),25.0,1802.55,No Churn,No Churn,0.02925065661769511,Low Risk
Female,No,No,No,4,Yes,No,No,No internet service,No internet service,No internet service,No internet service,No internet service,No internet service,Month-to-month,No,Bank transfer (automatic),20.95,85.5,Churn,No Churn,0.332365935599279,Medium Risk
Female,No,Yes,No,54,Yes,Yes,Fiber optic,Yes,Yes,No,No,Yes,Yes,One year,No,Bank transfer (automatic),106.55,5763.3,Churn,No Churn,0.2723702050096923,Low Risk
Male,No,Yes,No,48,Yes,Yes,Fiber optic,Yes,Yes,Yes,No,Yes,Yes,Month-to-month,Yes,Bank transfer (automatic),111.45,5315.1,No Churn,Churn,0.5705055204363844,Medium Risk
Male,No,No,No,4,No,No phone service,DSL,No,No,No,No,Yes,Yes,Month-to-month,Yes,Electronic check,44.55,174.3,Churn,Churn,0.8648730423987372,High Risk
Female,Yes,No,No,7,Yes,No,DSL,No,Yes,Yes,No,Yes,No,Month-to-month,Yes,Electronic check,64.95,493.65,No Churn,Churn,0.7533587986633964,High Risk
Female,No,No,No,30,Yes,No,DSL,Yes,No,No,No,No,No,Month-to-month,Yes,Mailed check,48.8,1536.75,No Churn,No Churn,0.3326908148469606,Medium Risk
Male,No,Yes,No,32,Yes,Yes,Fiber optic,No,No,Yes,No,No,No,Month-to-month,Yes,Electronic check,78.9,2447.95,Churn,Churn,0.7569121522601191,High Risk
Male,No,Yes,Yes,65,Yes,No,No,No internet service,No internet service,No internet service,No internet service,No internet service,No internet service,Two year,No,Mailed check,19.9,1292.6,No Churn,No Churn,0.014947133108887699,Low Risk
Male,No,Yes,No,14,Yes,No,DSL,No,No,No,No,No,No,One year,No,Electronic check,44.6,641.25,No Churn,No Churn,0.35288890545178114,Medium Risk
Male,No,Yes,Yes,35,Yes,No,No,No internet service,No internet service,No internet service,No internet service,No internet service,No internet service,One year,No,Bank transfer (automatic),20.05,746.75,No Churn,No Churn,0.061804067922711675,Low Risk
Female,No,Yes,Yes,1,Yes,Yes,Fiber optic,Yes,No,Yes,No,Yes,Yes,Month-to-month,Yes,Electronic check,102.45,102.45,Churn,Churn,0.8895663994183688,High Risk
Female,No,No,No,2,Yes,Yes,Fiber optic,No,No,No,No,No,No,Month-to-month,No,Credit card (automatic),74.9,147.15,Churn,Churn,0.8121259402470271,High Risk
Female,No,Yes,Yes,1,Yes,No,No,No internet service,No internet service,No internet service,No internet service,No internet service,No internet service,Month-to-month,No,Electronic check,20.0,20.0,No Churn,No Churn,0.38496710556036845,Medium Risk
Male,No,No,No,1,Yes,No,No,No internet service,No internet service,No internet service,No internet service,No internet service,No internet service,Month-to-month,Yes,Mailed check,18.85,18.85,Churn,No Churn,0.4423415342928153,Medium Risk
Male,No,No,No,50,Yes,No,No,No internet service,No internet service,No internet service,No internet service,No internet service,No internet service,One year,No,Credit card (automatic),20.15,989.05,No Churn,No Churn,0.05586823841051671,Low Risk
Female,Yes,No,No,2,Yes,No,Fiber optic,No,No,No,No,Yes,No,Month-to-month,No,Mailed check,81.5,162.55,No Churn,Churn,0.8423743971589133,High Risk
Male,No,No,No,4,Yes,Yes,Fiber optic,No,No,No,No,No,No,Month-to-month,Yes,Electronic check,76.05,318.9,Churn,Churn,0.8783843702435378,High Risk
Male,Yes,No,No,25,Yes,Yes,Fiber optic,No,Yes,No,No,Yes,No,Month-to-month,Yes,Electronic check,89.5,2196.15,Churn,Churn,0.8486240806270893,High Risk
Male,Yes,No,No,44,Yes,No,Fiber optic,No,No,Yes,No,No,No,Month-to-month,No,Electronic check,73.85,3122.4,No Churn,Churn,0.6114957054690416,High Risk
Male,No,No,No,18,Yes,No,No,No internet service,No internet service,No internet service,No internet service,No internet service,No internet service,Month-to-month,No,Electronic check,19.0,348.8,No Churn,No Churn,0.33170564636143046,Medium Risk
Female,No,No,No,55,Yes,No,Fiber optic,No,Yes,Yes,No,No,No,Month-to-month,Yes,Electronic check,81.55,4509.5,No Churn,Churn,0.5009572956611624,Medium Risk
Male,No,No,Yes,10,Yes,Yes,No,No internet service,No internet service,No internet service,No internet service,No internet service,No internet service,Month-to-month,No,Credit card (automatic),24.8,223.9,No Churn,No Churn,0.3249694591915737,Medium Risk
Female,No,No,No,6,Yes,No,No,No internet service,No internet service,No internet service,No internet service,No internet service,No internet service,Month-to-month,Yes,Mailed check,20.95,109.5,No Churn,No Churn,0.3999586407777342,Medium Risk
Male,No,Yes,Yes,1,Yes,No,Fiber optic,No,No,No,No,No,Yes,Month-to-month,No,Electronic check,80.0,80.0,Churn,Churn,0.8213651068759367,High Risk
Male,No,No,No,41,Yes,Yes,DSL,No,No,Yes,No,No,No,Month-to-month,Yes,Bank transfer (automatic),55.7,2237.55,No Churn,No Churn,0.3958413336842316,Medium Risk
Male,No,Yes,Yes,56,Yes,No,DSL,Yes,Yes,Yes,No,No,No,Two year,Yes,Bank transfer (automatic),59.8,3457.45,No Churn,No Churn,0.031665235501663815,Low Risk
Male,No,Yes,No,71,Yes,Yes,Fiber optic,Yes,No,Yes,Yes,Yes,Yes,Two year,Yes,Credit card (automatic),108.55,7616.0,No Churn,No Churn,0.12351543847638237,Low Risk
Female,No,Yes,Yes,24,Yes,No,No,No internet service,No internet service,No internet service,No internet service,No internet service,No internet service,One year,No,Mailed check,19.9,533.5,No Churn,No Churn,0.09332524200725326,Low Risk
Female,Yes,No,No,2,Yes,Yes,DSL,No,Yes,No,No,No,No,Month-to-month,Yes,Credit card (automatic),56.55,118.25,No Churn,Churn,0.7053278841520304,High Risk
Female,No,No,No,3,Yes,Yes,DSL,No,No,No,Yes,Yes,No,Month-to-month,No,Electronic check,64.6,174.2,No Churn,Churn,0.7004028230476249,High Risk
Female,No,Yes,No,71,Yes,Yes,No,No internet service,No internet service,No internet service,No internet service,No internet service,No internet service,Two year,Yes,Credit card (automatic),24.45,1681.6,No Churn,No Churn,0.02676242193034931,Low Risk
Male,No,No,No,9,Yes,No,No,No internet service,No internet service,No internet service,No internet service,No internet service,No internet service,Month-to-month,Yes,Mailed check,18.95,185.6,Churn,No Churn,0.3823398380802006,Medium Risk
Male,Yes,Yes,No,53,Yes,Yes,Fiber optic,No,Yes,Yes,No,Yes,Yes,Month-to-month,Yes,Electronic check,103.85,5485.5,Churn,Churn,0.7608133310086113,High Risk
Male,No,Yes,Yes,60,Yes,No,DSL,Yes,Yes,No,Yes,Yes,Yes,Month-to-month,Yes,Credit card (automatic),79.05,4663.4,No Churn,No Churn,0.14003956492657185,Low Risk
Female,No,Yes,Yes,71,Yes,Yes,Fiber optic,No,Yes,Yes,No,No,Yes,Two year,Yes,Credit card (automatic),95.75,6849.4,No Churn,No Churn,0.1259609627104901,Low Risk
Female,Yes,No,No,22,Yes,No,Fiber optic,Yes,Yes,No,No,No,No,Month-to-month,No,Electronic check,81.7,1820.9,No Churn,Churn,0.6325588847879802,High Risk
Female,No,No,No,39,Yes,No,Fiber optic,No,No,Yes,Yes,No,No,Two year,Yes,Electronic check,80.45,3201.55,Churn,No Churn,0.24457919752799723,Low Risk
Male,No,No,No,1,Yes,No,DSL,No,No,Yes,No,No,No,Month-to-month,Yes,Electronic check,50.5,50.5,Churn,Churn,0.7139445659618375,High Risk
Male,No,No,No,17,Yes,No,No,No internet service,No internet service,No internet service,No internet service,No internet service,No internet service,One year,Yes,Mailed check,20.5,365.8,No Churn,No Churn,0.17786752846166115,Low Risk
Female,No,No,No,9,Yes,No,Fiber optic,No,No,No,No,Yes,Yes,Month-to-month,Yes,Mailed check,88.4,788.6,No Churn,Churn,0.8622428905377677,High Risk
Female,No,No,No,12,Yes,Yes,Fiber optic,Yes,No,No,No,No,No,Month-to-month,Yes,Electronic check,78.95,927.35,Churn,Churn,0.7978767692701297,High Risk
Female,No,Yes,No,24,Yes,No,No,No internet service,No internet service,No internet service,No internet service,No internet service,No internet service,One year,No,Mailed check,20.15,456.85,No Churn,No Churn,0.11534230062737948,Low Risk
Female,No,Yes,No,21,Yes,Yes,Fiber optic,No,No,No,No,No,Yes,Month-to-month,Yes,Electronic check,86.5,1808.7,Churn,Churn,0.8450919830237841,High Risk
Female,No,No,No,54,Yes,No,Fiber optic,Yes,Yes,No,No,Yes,Yes,One year,Yes,Credit card (automatic),100.05,5299.65,No Churn,No Churn,0.287698823433102,Low Risk
Male,No,No,No,1,Yes,No,No,No internet service,No internet service,No internet service,No internet service,No internet service,No internet service,Month-to-month,Yes,Mailed check,20.1,20.1,Churn,No Churn,0.43892762133828994,Medium Risk
Female,No,No,No,1,Yes,No,No,No internet service,No internet service,No internet service,No internet service,No internet service,No internet service,Month-to-month,No,Mailed check,20.4,20.4,Churn,No Churn,0.37819594302219667,Medium Risk
Female,No,Yes,Yes,65,Yes,Yes,DSL,Yes,Yes,No,Yes,Yes,Yes,Two year,Yes,Bank transfer (automatic),82.5,5215.1,No Churn,No Churn,0.041368645061882994,Low Risk
Male,No,No,No,26,Yes,No,DSL,Yes,No,No,Yes,Yes,Yes,One year,No,Bank transfer (automatic),75.0,1908.35,No Churn,No Churn,0.1870060494602315,Low Risk
Female,No,No,No,13,Yes,Yes,Fiber optic,Yes,Yes,No,No,Yes,No,Month-to-month,Yes,Electronic check,96.65,1244.5,Churn,Churn,0.8155045850130245,High Risk
Male,Yes,No,No,34,Yes,No,Fiber optic,No,No,No,No,No,No,Month-to-month,No,Credit card (automatic),69.15,2275.1,No Churn,Churn,0.5925970779358312,Medium Risk
Male,No,Yes,No,72,Yes,Yes,No,No internet service,No internet service,No internet service,No internet service,No internet service,No internet service,Two year,No,Credit card (automatic),25.75,1864.2,No Churn,No Churn,0.01994895761970571,Low Risk
Female,No,No,No,6,Yes,No,Fiber optic,No,No,Yes,No,No,Yes,Month-to-month,No,Electronic check,83.9,497.55,Churn,Churn,0.8477335816861886,High Risk
Male,No,No,No,24,Yes,No,Fiber optic,No,No,No,No,Yes,Yes,Month-to-month,Yes,Electronic check,90.35,2238.5,Churn,Churn,0.8396155297040455,High Risk
Female,No,No,No,2,Yes,No,No,No internet service,No internet service,No internet service,No internet service,No internet service,No internet service,Month-to-month,Yes,Mailed check,20.45,42.45,No Churn,No Churn,0.4312705983214961,Medium Risk
Male,No,No,No,6,Yes,No,DSL,No,Yes,No,No,Yes,No,Month-to-month,No,Electronic check,59.45,357.6,No Churn,Churn,0.6568250635458169,High Risk
Male,No,Yes,Yes,67,Yes,No,DSL,Yes,Yes,No,No,No,No,Two year,Yes,Bank transfer (automatic),54.2,3838.2,No Churn,No Churn,0.02192721601621696,Low Risk
Male,Yes,Yes,Yes,35,Yes,No,DSL,No,Yes,No,Yes,Yes,Yes,Month-to-month,Yes,Electronic check,76.05,2747.2,No Churn,No Churn,0.46541309617869403,Medium Risk
Female,No,No,No,29,No,No phone service,DSL,No,No,No,Yes,No,No,Month-to-month,Yes,Electronic check,31.2,926.2,No Churn,Churn,0.5338891072371801,Medium Risk
Female,No,No,Yes,21,Yes,No,DSL,Yes,No,Yes,No,No,Yes,One year,No,Mailed check,64.85,1336.8,No Churn,No Churn,0.20225527881288086,Low Risk
Male,No,Yes,Yes,27,Yes,Yes,Fiber optic,No,No,No,No,No,No,Month-to-month,Yes,Bank transfer (automatic),75.75,1929.0,No Churn,Churn,0.6398537803840462,High Risk
Male,Yes,Yes,No,1,No,No phone service,DSL,No,No,No,No,No,No,Month-to-month,No,Electronic check,25.05,25.05,Churn,Churn,0.7775580952799174,High Risk
Male,No,Yes,No,72,Yes,Yes,DSL,Yes,Yes,Yes,Yes,Yes,Yes,Two year,No,Credit card (automatic),92.3,6719.9,No Churn,No Churn,0.035153488501984596,Low Risk
Male,No,Yes,Yes,62,Yes,Yes,Fiber optic,Yes,Yes,No,No,Yes,Yes,Month-to-month,Yes,Electronic check,105.5,6487.2,No Churn,No Churn,0.497388146695955,Medium Risk
Male,No,Yes,No,17,Yes,Yes,Fiber optic,No,Yes,Yes,No,Yes,Yes,Month-to-month,Yes,Electronic check,102.55,1742.5,No Churn,Churn,0.8888283518910646,High Risk
Male,Yes,No,No,14,Yes,No,Fiber optic,No,No,No,No,Yes,Yes,Month-to-month,No,Credit card (automatic),90.45,1266.1,Churn,Churn,0.828499602159555,High Risk
Female,No,Yes,No,5,Yes,No,Fiber optic,No,No,No,No,No,No,Month-to-month,No,Electronic check,69.95,330.15,Churn,Churn,0.7948136055724648,High Risk
Female,No,No,No,1,Yes,No,Fiber optic,No,No,Yes,No,No,No,Month-to-month,No,Electronic check,76.35,76.35,Churn,Churn,0.8253123617810176,High Risk
Male,No,No,No,18,Yes,Yes,Fiber optic,No,No,No,No,No,No,Month-to-month,No,Mailed check,74.15,1387.0,No Churn,Churn,0.7320306887989366,High Risk
Female,No,No,No,35,Yes,Yes,DSL,Yes,No,Yes,Yes,Yes,Yes,One year,Yes,Credit card (automatic),85.95,3110.1,Churn,No Churn,0.25427447370032125,Low Risk
Female,No,Yes,Yes,14,Yes,No,No,No internet service,No internet service,No internet service,No internet service,No internet service,No internet service,Two year,Yes,Mailed check,19.7,263.65,No Churn,No Churn,0.08653343114562828,Low Risk
Female,No,Yes,Yes,30,Yes,No,No,No internet service,No internet service,No internet service,No internet service,No internet service,No internet service,Two year,No,Mailed check,19.3,602.9,No Churn,No Churn,0.04319187834381125,Low Risk
Male,No,No,Yes,13,Yes,No,Fiber optic,No,No,No,No,Yes,No,Month-to-month,Yes,Credit card (automatic),78.3,1033.95,No Churn,Churn,0.759075493102704,High Risk
Male,No,No,No,64,Yes,Yes,DSL,Yes,Yes,Yes,Yes,Yes,No,One year,No,Electronic check,81.25,5567.55,No Churn,No Churn,0.08997497083092895,Low Risk
Female,No,No,No,12,Yes,No,No,No internet service,No internet service,No internet service,No internet service,No internet service,No internet service,One year,No,Mailed check,19.7,260.9,No Churn,No Churn,0.1657453934062793,Low Risk
Female,No,Yes,No,72,Yes,Yes,No,No internet service,No internet service,No internet service,No internet service,No internet service,No internet service,Two year,No,Bank transfer (automatic),24.65,1830.05,No Churn,No Churn,0.018886638901343785,Low Risk
Male,No,No,No,57,No,No phone service,DSL,Yes,No,Yes,No,Yes,Yes,Month-to-month,Yes,Electronic check,53.75,3196.0,No Churn,No Churn,0.47262543931748574,Medium Risk
Male,No,Yes,No,61,Yes,Yes,DSL,Yes,No,Yes,No,No,Yes,Two year,Yes,Mailed check,69.9,4226.7,No Churn,No Churn,0.07577353891050995,Low Risk
Female,Yes,No,No,72,Yes,Yes,Fiber optic,Yes,Yes,No,Yes,Yes,Yes,Two year,Yes,Bank transfer (automatic),110.1,7746.7,No Churn,No Churn,0.11886959233243326,Low Risk
Male,No,Yes,Yes,68,Yes,Yes,Fiber optic,Yes,Yes,Yes,Yes,Yes,Yes,Two year,Yes,Bank transfer (automatic),114.7,7849.85,No Churn,No Churn,0.08924724374192512,Low Risk
Male,No,Yes,No,17,Yes,No,Fiber optic,No,No,No,No,No,No,Month-to-month,Yes,Bank transfer (automatic),70.4,1214.05,Churn,Churn,0.6934495638708612,High Risk
Male,No,No,No,16,Yes,No,DSL,No,No,No,Yes,No,No,Month-to-month,Yes,Mailed check,49.45,799.0,No Churn,No Churn,0.4433489227334749,Medium Risk
Male,No,Yes,Yes,10,Yes,No,No,No internet service,No internet service,No internet service,No internet service,No internet service,No internet service,One year,No,Mailed check,20.45,242.4,No Churn,No Churn,0.13571199112642512,Low Risk
Female,Yes,No,No,1,No,No phone service,DSL,No,No,No,No,No,No,Month-to-month,Yes,Electronic check,25.2,25.2,Churn,Churn,0.8251024011106202,High Risk
Female,No,Yes,Yes,46,Yes,No,Fiber optic,No,No,Yes,Yes,No,Yes,One year,No,Bank transfer (automatic),90.95,4236.6,No Churn,No Churn,0.2041981920975991,Low Risk
Male,No,No,Yes,40,Yes,No,DSL,Yes,Yes,No,No,No,No,Month-to-month,Yes,Mailed check,55.25,2139.2,Churn,No Churn,0.19848043065048346,Low Risk
Male,No,No,No,62,Yes,No,No,No internet service,No internet service,No internet service,No internet service,No internet service,No internet service,Two year,Yes,Credit card (automatic),20.05,1201.65,No Churn,No Churn,0.026850461809668446,Low Risk
Female,No,No,No,61,Yes,Yes,Fiber optic,No,No,Yes,No,No,Yes,Month-to-month,No,Mailed check,89.2,5500.6,No Churn,Churn,0.5042883865059928,Medium Risk
Male,No,No,No,1,Yes,No,DSL,No,No,No,No,No,No,Month-to-month,Yes,Bank transfer (automatic),45.1,45.1,Churn,Churn,0.6138058556043644,High Risk
Female,Yes,Yes,No,53,Yes,No,Fiber optic,No,Yes,Yes,Yes,Yes,No,One year,Yes,Electronic check,94.0,4871.45,No Churn,No Churn,0.36207018059126816,Medium Risk
Male,No,Yes,No,3,No,No phone service,DSL,No,No,No,No,No,No,Month-to-month,No,Mailed check,25.0,78.25,No Churn,Churn,0.6631560530989937,High Risk
Male,No,Yes,No,3,Yes,Yes,No,No internet service,No internet service,No internet service,No internet service,No internet service,No internet service,Month-to-month,Yes,Mailed check,23.6,89.05,No Churn,No Churn,0.49337538136229475,Medium Risk
Male,No,No,No,31,Yes,No,Fiber optic,No,Yes,No,No,Yes,Yes,Month-to-month,Yes,Electronic check,94.5,2979.2,No Churn,Churn,0.7885815540495382,High Risk
Female,No,Yes,Yes,53,Yes,No,Fiber optic,No,Yes,Yes,Yes,Yes,Yes,Month-to-month,Yes,Bank transfer (automatic),108.25,5935.1,No Churn,No Churn,0.4040289049793605,Medium Risk
Male,No,No,No,6,Yes,No,DSL,Yes,No,Yes,Yes,Yes,Yes,Two year,Yes,Mailed check,80.25,493.4,No Churn,No Churn,0.24923850225558972,Low Risk
Female,No,No,No,15,Yes,No,Fiber optic,No,No,Yes,No,Yes,Yes,Month-to-month,Yes,Credit card (automatic),94.0,1505.45,No Churn,Churn,0.8398245533536688,High Risk
Female,Yes,Yes,Yes,72,Yes,Yes,DSL,Yes,Yes,Yes,Yes,Yes,Yes,Two year,Yes,Credit card (automatic),89.55,6448.85,No Churn,No Churn,0.04470942203526204,Low Risk
Male,No,Yes,No,40,Yes,No,DSL,No,Yes,No,No,No,No,Month-to-month,Yes,Mailed check,50.15,2058.5,No Churn,No Churn,0.30632712826627273,Medium Risk
Male,No,No,No,1,Yes,No,No,No internet service,No internet service,No internet service,No internet service,No internet service,No internet service,Month-to-month,No,Mailed check,19.75,19.75,Churn,No Churn,0.3790478124706448,Medium Risk
Female,No,No,No,36,No,No phone service,DSL,No,Yes,No,Yes,No,No,Month-to-month,Yes,Bank transfer (automatic),34.85,1267.2,No Churn,No Churn,0.352364046037247,Medium Risk
Female,No,No,No,8,Yes,Yes,Fiber optic,No,No,No,No,Yes,No,Month-to-month,Yes,Electronic check,87.05,762.1,Churn,Churn,0.8959083031166714,High Risk
Female,No,Yes,No,5,Yes,No,Fiber optic,No,No,No,No,No,No,Month-to-month,Yes,Electronic check,68.95,351.5,No Churn,Churn,0.8344119590327702,High Risk
Female,Yes,Yes,No,66,Yes,Yes,Fiber optic,No,Yes,Yes,No,Yes,Yes,One year,No,Credit card (automatic),104.6,6819.45,No Churn,No Churn,0.3481223922411833,Medium Risk
Male,No,No,No,30,Yes,No,DSL,Yes,Yes,No,Yes,Yes,No,One year,No,Electronic check,70.4,2044.75,No Churn,No Churn,0.1665677114806387,Low Risk
Female,No,No,Yes,7,No,No phone service,DSL,Yes,No,No,No,No,No,Month-to-month,No,Mailed check,29.8,201.95,No Churn,No Churn,0.495599225783921,Medium Risk
Male,Yes,Yes,No,7,Yes,Yes,Fiber optic,No,No,Yes,No,Yes,Yes,Month-to-month,Yes,Electronic check,99.25,665.45,Churn,Churn,0.9372932513522293,High Risk
Male,No,No,No,57,No,No phone service,DSL,No,No,Yes,Yes,Yes,Yes,Two year,No,Credit card (automatic),53.35,3090.05,No Churn,No Churn,0.11083195084481076,Low Risk
Female,No,Yes,Yes,1,Yes,No,DSL,No,No,Yes,No,No,No,Month-to-month,No,Mailed check,50.45,50.45,Churn,Churn,0.518073149735535,Medium Risk
Female,No,No,No,1,Yes,No,DSL,No,No,No,No,No,No,Month-to-month,No,Mailed check,45.35,45.35,No Churn,Churn,0.5778176247736008,Medium Risk
Male,Yes,No,No,22,Yes,Yes,Fiber optic,No,No,No,Yes,Yes,No,Month-to-month,Yes,Bank transfer (automatic),90.5,1910.6,Churn,Churn,0.7667134301063523,High Risk
Female,No,Yes,Yes,1,Yes,No,Fiber optic,No,No,No,No,Yes,No,Month-to-month,Yes,Mailed check,80.05,80.05,Churn,Churn,0.8155074204937844,High Risk
Female,No,No,No,16,Yes,Yes,Fiber optic,No,No,No,No,No,No,Month-to-month,Yes,Credit card (automatic),74.75,1129.35,No Churn,Churn,0.783384917131906,High Risk
Male,No,Yes,Yes,56,Yes,Yes,No,No internet service,No internet service,No internet service,No internet service,No internet service,No internet service,Two year,No,Bank transfer (automatic),24.15,1402.25,No Churn,No Churn,0.024275107950997788,Low Risk
Male,No,No,No,40,Yes,Yes,Fiber optic,No,Yes,Yes,No,Yes,Yes,Month-to-month,Yes,Mailed check,102.65,4108.15,No Churn,Churn,0.751117321490281,High Risk
Female,No,Yes,Yes,8,Yes,No,No,No internet service,No internet service,No internet service,No internet service,No internet service,No internet service,Month-to-month,No,Credit card (automatic),21.05,139.75,No Churn,No Churn,0.26200550280642715,Low Risk
Female,No,Yes,Yes,35,Yes,Yes,DSL,Yes,No,Yes,Yes,Yes,No,Month-to-month,No,Electronic check,72.25,2568.55,Churn,No Churn,0.32372755223617133,Medium Risk
Male,No,No,No,63,Yes,Yes,Fiber optic,No,Yes,No,Yes,Yes,Yes,Month-to-month,No,Electronic check,105.4,6713.2,No Churn,Churn,0.5100487678396822,Medium Risk
Female,No,Yes,No,7,Yes,No,DSL,Yes,No,No,No,No,No,Month-to-month,Yes,Bank transfer (automatic),50.3,355.1,No Churn,No Churn,0.4624419358265548,Medium Risk
Male,No,No,No,22,Yes,Yes,No,No internet service,No internet service,No internet service,No internet service,No internet service,No internet service,Month-to-month,Yes,Credit card (automatic),24.85,493.4,No Churn,No Churn,0.35188962904867044,Medium Risk
Male,No,No,No,5,Yes,No,DSL,No,Yes,No,Yes,No,Yes,Month-to-month,Yes,Bank transfer (automatic),65.6,339.9,No Churn,Churn,0.539018785568201,Medium Risk
Female,Yes,No,Yes,33,Yes,Yes,Fiber optic,No,Yes,Yes,No,Yes,Yes,Month-to-month,Yes,Bank transfer (automatic),105.35,3465.05,No Churn,Churn,0.7607913123599219,High Risk
Male,No,Yes,Yes,44,Yes,Yes,No,No internet service,No internet service,No internet service,No internet service,No internet service,No internet service,One year,No,Electronic check,24.85,1013.6,No Churn,No Churn,0.09326182419152272,Low Risk
Female,No,Yes,No,46,Yes,Yes,Fiber optic,No,Yes,No,Yes,Yes,Yes,One year,Yes,Electronic check,103.15,4594.65,No Churn,Churn,0.5030236293524081,Medium Risk
Female,Yes,Yes,No,62,Yes,Yes,Fiber optic,No,Yes,Yes,No,Yes,No,One year,Yes,Credit card (automatic),97.95,5936.55,No Churn,No Churn,0.35885206579627593,Medium Risk
Female,No,No,No,1,Yes,No,Fiber optic,No,No,Yes,No,No,No,Month-to-month,No,Electronic check,75.3,75.3,Churn,Churn,0.8269834305076583,High Risk
Male,No,No,No,6,No,No phone service,DSL,No,Yes,No,No,No,No,Month-to-month,Yes,Credit card (automatic),30.5,208.7,Churn,Churn,0.6714457370351602,High Risk
Male,Yes,No,No,27,Yes,Yes,Fiber optic,No,Yes,No,No,No,No,Month-to-month,Yes,Electronic check,81.45,2122.05,Churn,Churn,0.7915434708813658,High Risk
Female,No,Yes,No,50,Yes,Yes,DSL,No,No,Yes,No,Yes,Yes,One year,No,Bank transfer (automatic),75.7,3876.2,No Churn,No Churn,0.23424964011682295,Low Risk
Male,Yes,No,No,15,Yes,No,Fiber optic,No,No,No,No,No,Yes,Month-to-month,Yes,Electronic check,79.4,1156.1,Churn,Churn,0.8630560695935068,High Risk
Male,No,No,No,3,Yes,Yes,Fiber optic,No,No,No,No,No,Yes,Month-to-month,Yes,Electronic check,85.3,264.8,Churn,Churn,0.9095123922632162,High Risk
Male,No,No,No,2,Yes,No,Fiber optic,No,No,No,No,Yes,No,Month-to-month,Yes,Electronic check,79.95,174.45,No Churn,Churn,0.8856793098637149,High Risk
Male,No,No,No,2,Yes,No,DSL,No,No,No,Yes,Yes,Yes,Month-to-month,No,Electronic check,70.3,132.4,No Churn,Churn,0.7005663968994367,High Risk
Male,No,Yes,Yes,66,No,No phone service,DSL,No,No,Yes,Yes,Yes,Yes,Two year,No,Bank transfer (automatic),54.65,3632.0,No Churn,No Churn,0.061164555437569115,Low Risk
Female,No,Yes,No,6,Yes,No,DSL,No,No,No,No,No,No,Month-to-month,No,Mailed check,45.65,323.45,No Churn,Churn,0.5275399299708725,Medium Risk
Female,Yes,No,No,19,Yes,No,Fiber optic,Yes,Yes,No,Yes,Yes,Yes,Month-to-month,Yes,Mailed check,105.0,2007.25,No Churn,Churn,0.7022205204439581,High Risk
Male,Yes,Yes,No,16,Yes,Yes,Fiber optic,No,No,No,No,Yes,No,Month-to-month,Yes,Credit card (automatic),85.05,1391.15,No Churn,Churn,0.8510046578213252,High Risk
Male,Yes,Yes,Yes,66,Yes,Yes,Fiber optic,No,No,Yes,No,Yes,Yes,Month-to-month,Yes,Credit card (automatic),99.5,6822.15,Churn,Churn,0.5750798167747772,Medium Risk
Male,Yes,No,No,54,Yes,Yes,Fiber optic,No,Yes,No,No,No,Yes,Month-to-month,Yes,Electronic check,90.05,4931.8,No Churn,Churn,0.6916698183281116,High Risk
Female,No,Yes,No,49,No,No phone service,DSL,No,Yes,No,Yes,Yes,Yes,One year,Yes,Credit card (automatic),56.3,2780.6,No Churn,No Churn,0.2332847835537932,Low Risk
Male,No,No,No,7,Yes,No,Fiber optic,Yes,No,No,No,No,No,Month-to-month,No,Mailed check,74.35,533.6,No Churn,Churn,0.6565539893271433,High Risk
Female,No,No,No,10,No,No phone service,DSL,Yes,No,No,No,No,No,Month-to-month,No,Mailed check,29.75,301.9,No Churn,Churn,0.5323413518345829,Medium Risk
Male,No,No,No,72,Yes,Yes,DSL,No,Yes,Yes,Yes,Yes,Yes,Two year,Yes,Bank transfer (automatic),88.6,6201.95,No Churn,No Churn,0.06202452819295094,Low Risk
Male,Yes,No,Yes,56,Yes,No,Fiber optic,Yes,No,No,No,Yes,Yes,One year,No,Credit card (automatic),94.8,5264.3,No Churn,No Churn,0.24522048340366087,Low Risk
Male,No,No,No,15,Yes,No,No,No internet service,No internet service,No internet service,No internet service,No internet service,No internet service,Month-to-month,Yes,Mailed check,19.8,309.4,No Churn,No Churn,0.337559428361648,Medium Risk
Male,No,No,No,51,Yes,Yes,DSL,Yes,Yes,Yes,Yes,Yes,No,One year,Yes,Credit card (automatic),81.15,4126.2,No Churn,No Churn,0.11929157578770083,Low Risk
Female,No,No,No,34,Yes,No,DSL,Yes,No,Yes,Yes,Yes,Yes,One year,Yes,Bank transfer (automatic),79.95,2727.3,No Churn,No Churn,0.19534756583258805,Low Risk
Female,No,No,No,1,Yes,No,DSL,Yes,Yes,No,No,No,No,Month-to-month,Yes,Electronic check,54.9,54.9,Churn,Churn,0.5899117857522692,Medium Risk
Male,No,Yes,No,9,Yes,Yes,DSL,No,Yes,Yes,No,No,Yes,Month-to-month,Yes,Credit card (automatic),69.05,653.95,No Churn,Churn,0.6829659632034152,High Risk
Male,No,No,No,1,Yes,No,DSL,No,Yes,No,No,No,No,Month-to-month,Yes,Mailed check,50.15,50.15,No Churn,Churn,0.6063551406901666,High Risk
Female,No,Yes,No,30,Yes,Yes,Fiber optic,No,No,No,No,No,Yes,Month-to-month,Yes,Electronic check,85.0,2624.25,Churn,Churn,0.8077602586766269,High Risk
Female,No,No,No,1,Yes,No,DSL,No,No,No,No,No,No,Month-to-month,Yes,Mailed check,45.4,45.4,Churn,Churn,0.6376598274164837,High Risk
Female,No,No,No,1,No,No phone service,DSL,No,Yes,No,No,No,No,Month-to-month,No,Bank transfer (automatic),29.95,29.95,Churn,Churn,0.6353323094452373,High Risk
Male,No,Yes,Yes,72,Yes,Yes,DSL,Yes,Yes,Yes,Yes,Yes,No,Two year,Yes,Bank transfer (automatic),80.85,5727.45,No Churn,No Churn,0.025424825013840465,Low Risk
Female,No,No,No,22,Yes,Yes,Fiber optic,No,No,No,No,Yes,No,Month-to-month,Yes,Bank transfer (automatic),84.15,1821.95,No Churn,Churn,0.7927704913553147,High Risk
Male,No,No,No,17,Yes,No,No,No internet service,No internet service,No internet service,No internet service,No internet service,No internet service,Month-to-month,No,Credit card (automatic),21.1,385.55,No Churn,No Churn,0.26263602335775577,Low Risk
Male,No,Yes,Yes,60,Yes,Yes,Fiber optic,No,Yes,No,Yes,Yes,Yes,Month-to-month,Yes,Bank transfer (automatic),103.75,5969.95,No Churn,No Churn,0.4272468552315885,Medium Risk
Male,No,Yes,No,61,Yes,Yes,Fiber optic,No,Yes,No,Yes,Yes,No,Two year,Yes,Electronic check,94.1,5638.3,Churn,No Churn,0.19750815569214886,Low Risk
Female,No,Yes,No,28,Yes,No,Fiber optic,No,Yes,Yes,No,No,Yes,Month-to-month,No,Credit card (automatic),89.9,2433.5,No Churn,Churn,0.6246299323429654,High Risk
Male,No,Yes,No,68,Yes,Yes,No,No internet service,No internet service,No internet service,No internet service,No internet service,No internet service,Two year,No,Credit card (automatic),25.05,1629.2,No Churn,No Churn,0.022681938800145855,Low Risk
Male,No,No,No,41,Yes,Yes,No,No internet service,No internet service,No internet service,No internet service,No internet service,No internet service,Month-to-month,Yes,Bank transfer (automatic),25.25,996.45,No Churn,No Churn,0.21873816842957522,Low Risk
Male,No,Yes,No,33,Yes,No,Fiber optic,No,No,No,No,Yes,Yes,Month-to-month,No,Electronic check,91.25,2964.05,No Churn,Churn,0.7445568860325915,High Risk
Female,No,Yes,No,46,No,No phone service,DSL,Yes,Yes,No,No,Yes,No,Month-to-month,No,Electronic check,45.55,2062.15,No Churn,No Churn,0.3652010117266664,Medium Risk
Female,No,Yes,Yes,37,Yes,Yes,Fiber optic,No,No,No,No,Yes,Yes,Month-to-month,Yes,Electronic check,95.25,3314.15,No Churn,Churn,0.7831061563364964,High Risk
Female,Yes,No,No,15,Yes,Yes,Fiber optic,No,Yes,No,No,No,Yes,Month-to-month,No,Electronic check,89.85,1424.95,Churn,Churn,0.8538602245810624,High Risk
Female,Yes,No,No,14,Yes,Yes,Fiber optic,No,Yes,Yes,No,Yes,Yes,Month-to-month,Yes,Electronic check,104.85,1531.4,Churn,Churn,0.9167516460334416,High Risk
Male,No,No,No,13,Yes,No,Fiber optic,No,Yes,Yes,No,No,No,Month-to-month,Yes,Electronic check,79.8,973.45,Churn,Churn,0.7884542751278255,High Risk
Male,No,No,No,1,No,No phone service,DSL,No,No,No,No,No,No,Month-to-month,No,Mailed check,24.4,24.4,No Churn,Churn,0.6881948128952993,High Risk
Female,No,Yes,Yes,71,Yes,No,No,No internet service,No internet service,No internet service,No internet service,No internet service,No internet service,Two year,No,Credit card (automatic),19.9,1397.3,No Churn,No Churn,0.012131001768656991,Low Risk
Female,No,Yes,Yes,35,Yes,Yes,DSL,Yes,Yes,No,No,No,No,Month-to-month,Yes,Credit card (automatic),59.45,2136.9,No Churn,No Churn,0.2699199121086876,Low Risk
Male,No,No,No,50,Yes,Yes,No,No internet service,No internet service,No internet service,No internet service,No internet service,No internet service,Two year,No,Bank transfer (automatic),24.9,1195.25,No Churn,No Churn,0.03798675679848324,Low Risk
Male,No,No,No,62,Yes,Yes,Fiber optic,Yes,Yes,No,No,No,Yes,One year,Yes,Bank transfer (automatic),92.3,5731.45,No Churn,No Churn,0.23248114034954576,Low Risk
Female,No,No,No,71,Yes,Yes,Fiber optic,Yes,Yes,Yes,Yes,Yes,Yes,Two year,Yes,Credit card (automatic),113.15,7993.3,No Churn,No Churn,0.11527135925773453,Low Risk
Male,No,Yes,Yes,18,Yes,No,Fiber optic,Yes,No,Yes,No,Yes,No,Month-to-month,Yes,Mailed check,87.9,1500.5,No Churn,Churn,0.6553082443813402,High Risk
Male,No,No,Yes,9,Yes,No,No,No internet service,No internet service,No internet service,No internet service,No internet service,No internet service,One year,No,Mailed check,20.1,190.25,No Churn,No Churn,0.1454558523238343,Low Risk
Female,No,No,Yes,24,Yes,No,No,No internet service,No internet service,No internet service,No internet service,No internet service,No internet service,One year,No,Bank transfer (automatic),21.05,531.55,No Churn,No Churn,0.08769404974442795,Low Risk
Male,No,Yes,Yes,72,Yes,Yes,DSL,Yes,Yes,Yes,Yes,Yes,Yes,Two year,Yes,Bank transfer (automatic),87.55,6463.15,No Churn,No Churn,0.03494533698573561,Low Risk
Female,No,Yes,No,64,Yes,No,No,No internet service,No internet service,No internet service,No internet service,No internet service,No internet service,Two year,No,Credit card (automatic),19.45,1208.6,No Churn,No Churn,0.019084055632020692,Low Risk
Male,No,Yes,Yes,63,Yes,Yes,Fiber optic,No,Yes,No,No,No,Yes,One year,Yes,Electronic check,91.35,5764.7,No Churn,No Churn,0.31863265703794824,Medium Risk
Male,No,No,No,1,Yes,No,DSL,No,No,No,No,No,No,Month-to-month,Yes,Mailed check,44.15,44.15,Churn,Churn,0.6400291815789443,High Risk
Male,No,No,Yes,10,Yes,No,No,No internet service,No internet service,No internet service,No internet service,No internet service,No internet service,One year,Yes,Bank transfer (automatic),19.95,219.5,No Churn,No Churn,0.16116823445094064,Low Risk
Male,No,Yes,Yes,38,Yes,Yes,Fiber optic,No,No,Yes,No,Yes,Yes,Month-to-month,Yes,Credit card (automatic),101.15,3956.7,No Churn,Churn,0.7200577641391598,High Risk
Female,No,No,No,1,Yes,Yes,Fiber optic,No,No,No,No,Yes,Yes,Month-to-month,No,Mailed check,95.65,95.65,Churn,Churn,0.8922625501914464,High Risk
Female,No,Yes,No,71,No,No phone service,DSL,No,Yes,Yes,Yes,Yes,Yes,Two year,No,Bank transfer (automatic),58.25,4145.9,No Churn,No Churn,0.059552969675519984,Low Risk
Female,No,No,No,1,Yes,No,Fiber optic,No,No,No,No,No,No,Month-to-month,No,Electronic check,71.35,71.35,Churn,Churn,0.8187711582919222,High Risk
Male,No,No,No,9,Yes,Yes,Fiber optic,No,No,No,No,No,No,Month-to-month,Yes,Electronic check,76.25,684.85,No Churn,Churn,0.8606522093128774,High Risk
Male,No,Yes,Yes,44,Yes,No,DSL,No,Yes,Yes,Yes,No,No,Month-to-month,Yes,Mailed check,61.9,2924.05,No Churn,No Churn,0.18369554308339248,Low Risk
Female,No,Yes,Yes,48,No,No phone service,DSL,No,No,No,Yes,No,No,Month-to-month,Yes,Credit card (automatic),29.5,1423.05,No Churn,No Churn,0.2580348707073692,Low Risk
Male,No,No,Yes,62,Yes,No,DSL,Yes,Yes,No,No,No,No,One year,No,Bank transfer (automatic),56.15,3487.95,No Churn,No Churn,0.03821993254046341,Low Risk
Female,No,No,No,24,Yes,Yes,Fiber optic,No,No,Yes,No,Yes,No,Month-to-month,Yes,Credit card (automatic),88.95,2072.75,No Churn,Churn,0.8019462920703968,High Risk
Male,No,Yes,Yes,8,Yes,No,No,No internet service,No internet service,No internet service,No internet service,No internet service,No internet service,Month-to-month,No,Credit card (automatic),19.65,169.75,No Churn,No Churn,0.2643190914017402,Low Risk
Male,Yes,Yes,Yes,34,Yes,Yes,Fiber optic,No,Yes,Yes,Yes,Yes,Yes,Month-to-month,Yes,Electronic check,108.9,3625.2,No Churn,Churn,0.7625684834839848,High Risk
Male,No,No,No,31,Yes,Yes,Fiber optic,No,Yes,No,No,No,No,Month-to-month,Yes,Electronic check,81.15,2640.55,No Churn,Churn,0.7331332833499845,High Risk
Female,No,No,No,5,Yes,No,No,No internet service,No internet service,No internet service,No internet service,No internet service,No internet service,Month-to-month,No,Mailed check,20.15,117.95,No Churn,No Churn,0.3502659429257616,Medium Risk
Female,No,Yes,No,51,Yes,Yes,DSL,No,Yes,No,Yes,Yes,Yes,One year,Yes,Credit card (automatic),78.65,3950.85,No Churn,No Churn,0.20051410428346686,Low Risk
Male,No,Yes,No,56,Yes,No,Fiber optic,No,No,No,No,No,Yes,One year,Yes,Electronic check,80.9,4557.5,No Churn,No Churn,0.3828271189944373,Medium Risk
Male,No,No,No,71,No,No phone service,DSL,Yes,Yes,Yes,Yes,Yes,No,Two year,No,Bank transfer (automatic),53.95,3888.65,No Churn,No Churn,0.03228503510683577,Low Risk
Female,Yes,Yes,No,17,Yes,Yes,Fiber optic,No,No,No,No,Yes,Yes,Month-to-month,Yes,Electronic check,92.55,1614.7,No Churn,Churn,0.9147963810215924,High Risk
Male,No,No,No,10,Yes,No,Fiber optic,No,No,Yes,No,Yes,Yes,Month-to-month,Yes,Electronic check,94.9,1048.85,Churn,Churn,0.8944546118153303,High Risk
Female,Yes,Yes,No,50,Yes,No,Fiber optic,No,No,No,No,No,No,Month-to-month,Yes,Electronic check,71.05,3444.85,Churn,Churn,0.6008388431693001,High Risk
Male,No,No,No,1,No,No phone service,DSL,No,No,No,Yes,No,No,Month-to-month,No,Mailed check,29.15,29.15,No Churn,Churn,0.6124376958218787,High Risk
Female,No,No,No,15,Yes,No,No,No internet service,No internet service,No internet service,No internet service,No internet service,No internet service,Month-to-month,No,Mailed check,19.9,320.45,No Churn,No Churn,0.2842106311768641,Low Risk
Male,No,Yes,No,69,Yes,No,No,No internet service,No internet service,No internet service,No internet service,No internet service,No internet service,Two year,No,Mailed check,19.9,1363.45,No Churn,No Churn,0.01675046343613554,Low Risk
Male,No,No,Yes,66,Yes,Yes,No,No internet service,No internet service,No internet service,No internet service,No internet service,No internet service,Two year,Yes,Credit card (automatic),25.3,1673.8,No Churn,No Churn,0.025442283333282117,Low Risk
Male,No,Yes,Yes,65,Yes,No,DSL,Yes,No,No,Yes,Yes,Yes,Two year,Yes,Bank transfer (automatic),74.8,4820.15,Churn,No Churn,0.03390479270086348,Low Risk
Male,No,No,No,68,Yes,Yes,Fiber optic,No,Yes,Yes,Yes,Yes,Yes,One year,No,Electronic check,108.45,7176.55,Churn,No Churn,0.30259705112240365,Medium Risk
Female,Yes,Yes,Yes,46,Yes,Yes,Fiber optic,Yes,Yes,No,Yes,Yes,Yes,Month-to-month,Yes,Electronic check,110.2,4972.1,No Churn,Churn,0.5882776556662678,Medium Risk
Female,No,Yes,No,72,Yes,Yes,Fiber optic,Yes,Yes,Yes,Yes,Yes,Yes,Two year,Yes,Bank transfer (automatic),115.5,8312.75,No Churn,No Churn,0.09864202340432726,Low Risk
Male,No,Yes,Yes,48,Yes,Yes,No,No internet service,No internet service,No internet service,No internet service,No internet service,No internet service,Two year,No,Mailed check,23.55,1173.35,No Churn,No Churn,0.03427049210036947,Low Risk
Male,No,Yes,Yes,10,No,No phone service,DSL,Yes,Yes,Yes,Yes,No,Yes,Two year,No,Credit card (automatic),53.7,521.0,No Churn,No Churn,0.14883317755496062,Low Risk
Female,No,No,No,6,Yes,No,Fiber optic,No,No,No,No,No,No,Month-to-month,Yes,Mailed check,69.25,418.4,Churn,Churn,0.7891174352419523,High Risk
Male,Yes,No,No,63,Yes,Yes,Fiber optic,Yes,Yes,Yes,No,Yes,Yes,Month-to-month,Yes,Bank transfer (automatic),109.4,7031.45,No Churn,Churn,0.5233048566128932,Medium Risk
Female,No,Yes,No,64,Yes,Yes,DSL,Yes,Yes,Yes,Yes,No,Yes,Two year,Yes,Mailed check,81.3,5129.3,No Churn,No Churn,0.044150479026140214,Low Risk
Male,No,Yes,Yes,17,Yes,No,Fiber optic,No,No,No,No,Yes,No,Month-to-month,No,Electronic check,80.85,1400.85,Churn,Churn,0.7383591897807549,High Risk
Male,Yes,No,No,3,No,No phone service,DSL,No,No,Yes,No,No,Yes,Month-to-month,Yes,Electronic check,41.15,132.2,Churn,Churn,0.8595445379264441,High Risk
Male,No,No,No,26,Yes,Yes,DSL,No,No,No,No,No,No,One year,Yes,Credit card (automatic),51.55,1295.4,No Churn,No Churn,0.3252535441628262,Medium Risk
Male,No,No,No,27,Yes,No,No,No internet service,No internet service,No internet service,No internet service,No internet service,No internet service,One year,No,Bank transfer (automatic),20.1,562.6,No Churn,No Churn,0.1007806634529715,Low Risk
Male,No,No,No,7,Yes,No,No,No internet service,No internet service,No internet service,No internet service,No internet service,No internet service,Two year,No,Mailed check,19.45,165.35,No Churn,No Churn,0.10828539496506516,Low Risk
Female,No,No,No,1,Yes,No,Fiber optic,No,No,No,No,No,No,Month-to-month,Yes,Electronic check,70.25,70.25,Churn,Churn,0.8547295028792062,High Risk
Female,No,Yes,Yes,36,Yes,No,DSL,Yes,No,No,No,No,No,Month-to-month,No,Credit card (automatic),51.05,1815.0,No Churn,No Churn,0.18645292088041146,Low Risk
Female,No,Yes,No,2,Yes,No,No,No internet service,No internet service,No internet service,No internet service,No internet service,No internet service,Month-to-month,No,Mailed check,20.35,41.85,No Churn,No Churn,0.36043978461183346,Medium Risk
Female,No,No,No,1,Yes,No,No,No internet service,No internet service,No internet service,No internet service,No internet service,No internet service,Month-to-month,Yes,Mailed check,20.35,20.35,No Churn,No Churn,0.43912746737571756,Medium Risk
Female,No,Yes,No,16,Yes,No,No,No internet service,No internet service,No internet service,No internet service,No internet service,No internet service,Month-to-month,No,Mailed check,19.6,314.45,No Churn,No Churn,0.2695034327321788,Low Risk
Male,No,No,No,22,Yes,No,No,No internet service,No internet service,No internet service,No internet service,No internet service,No internet service,One year,No,Mailed check,20.3,475.1,No Churn,No Churn,0.12621075999113038,Low Risk
Female,Yes,No,No,50,Yes,Yes,Fiber optic,Yes,Yes,No,No,No,No,Month-to-month,Yes,Electronic check,83.4,4113.7,No Churn,Churn,0.5690027843071831,Medium Risk
Female,Yes,No,No,3,Yes,No,Fiber optic,No,No,No,No,No,No,Month-to-month,Yes,Electronic check,70.4,204.7,Churn,Churn,0.8712867088214794,High Risk
Female,Yes,Yes,No,61,Yes,Yes,Fiber optic,No,Yes,Yes,No,Yes,Yes,One year,Yes,Credit card (automatic),104.4,6405.0,Churn,No Churn,0.4455055998231862,Medium Risk
Male,Yes,No,No,6,Yes,No,DSL,No,No,No,No,No,No,Month-to-month,No,Credit card (automatic),44.7,276.5,No Churn,Churn,0.5833836915634986,Medium Risk
Male,Yes,Yes,No,8,No,No phone service,DSL,No,Yes,Yes,No,No,Yes,Month-to-month,Yes,Mailed check,43.35,371.4,No Churn,Churn,0.7686226414376843,High Risk
Female,No,Yes,No,63,Yes,No,Fiber optic,Yes,No,Yes,No,No,No,One year,Yes,Credit card (automatic),81.15,5224.5,No Churn,No Churn,0.15937299106240022,Low Risk
Female,Yes,No,No,2,Yes,No,Fiber optic,No,No,No,No,No,Yes,Month-to-month,Yes,Electronic check,79.6,195.05,Churn,Churn,0.9040809835185121,High Risk
Male,No,No,No,26,Yes,Yes,Fiber optic,Yes,Yes,No,No,Yes,No,Month-to-month,Yes,Credit card (automatic),92.4,2349.8,No Churn,Churn,0.6876453178697576,High Risk
Male,Yes,Yes,No,7,Yes,No,Fiber optic,No,No,No,No,Yes,Yes,Month-to-month,Yes,Electronic check,89.0,605.45,No Churn,Churn,0.9131351466116108,High Risk
Male,Yes,Yes,Yes,65,Yes,Yes,Fiber optic,Yes,Yes,No,No,No,No,Month-to-month,Yes,Electronic check,85.75,5688.45,No Churn,No Churn,0.377587669090251,Medium Risk
Female,No,Yes,No,51,Yes,Yes,Fiber optic,No,No,Yes,No,Yes,Yes,One year,Yes,Electronic check,98.85,4947.55,No Churn,Churn,0.5900223454448681,Medium Risk
Male,No,No,No,10,Yes,No,Fiber optic,Yes,Yes,Yes,Yes,Yes,Yes,Month-to-month,Yes,Electronic check,110.1,1043.3,Churn,Churn,0.7826936524148764,High Risk
Male,No,Yes,Yes,34,Yes,No,No,No internet service,No internet service,No internet service,No internet service,No internet service,No internet service,Month-to-month,No,Mailed check,20.8,635.9,No Churn,No Churn,0.1408056059824706,Low Risk
Female,No,No,No,1,Yes,No,No,No internet service,No internet service,No internet service,No internet service,No internet service,No internet service,Month-to-month,No,Electronic check,19.75,19.75,No Churn,No Churn,0.45496226465963335,Medium Risk
Male,No,No,No,18,Yes,Yes,Fiber optic,No,No,No,No,Yes,No,Month-to-month,No,Bank transfer (automatic),84.3,1537.9,No Churn,Churn,0.7699336328248958,High Risk
Female,No,No,No,21,Yes,Yes,Fiber optic,No,Yes,No,No,Yes,Yes,Month-to-month,Yes,Credit card (automatic),99.85,1992.55,No Churn,Churn,0.8313603795575912,High Risk
Male,No,Yes,Yes,61,Yes,Yes,Fiber optic,Yes,Yes,No,No,Yes,Yes,One year,Yes,Electronic check,106.0,6547.7,Churn,No Churn,0.3159745298536879,Medium Risk
Female,No,No,No,7,Yes,No,Fiber optic,No,Yes,No,No,Yes,Yes,One year,Yes,Mailed check,94.05,633.45,No Churn,Churn,0.7249122544962953,High Risk
Male,No,No,Yes,1,Yes,No,DSL,No,No,No,Yes,No,No,Month-to-month,Yes,Mailed check,49.9,49.9,Churn,No Churn,0.49778012645332037,Medium Risk
Male,No,No,No,1,Yes,No,Fiber optic,No,No,No,No,No,No,Month-to-month,Yes,Electronic check,69.9,69.9,No Churn,Churn,0.8547663302062675,High Risk
Male,No,No,No,61,Yes,Yes,Fiber optic,Yes,No,Yes,No,Yes,Yes,Month-to-month,Yes,Electronic check,106.45,6300.15,No Churn,Churn,0.6158810546954055,High Risk
Male,No,Yes,No,66,Yes,Yes,Fiber optic,No,Yes,Yes,No,No,Yes,One year,No,Electronic check,95.3,6273.4,No Churn,No Churn,0.30808907120850404,Medium Risk
Male,No,No,No,35,Yes,Yes,Fiber optic,No,No,No,No,Yes,No,Month-to-month,No,Electronic check,83.15,2848.45,No Churn,Churn,0.7515890712815602,High Risk
Female,No,No,No,3,No,No phone service,DSL,No,No,No,No,Yes,No,Month-to-month,No,Credit card (automatic),35.2,108.95,Churn,Churn,0.7312396236775678,High Risk
Female,No,No,No,2,Yes,No,No,No internet service,No internet service,No internet service,No internet service,No internet service,No internet service,Month-to-month,No,Electronic check,19.9,57.4,No Churn,No Churn,0.4469109466717882,Medium Risk
Female,No,Yes,No,7,Yes,No,DSL,No,No,No,No,No,No,Month-to-month,Yes,Mailed check,44.25,313.45,No Churn,Churn,0.5858612722414065,Medium Risk
Female,Yes,No,No,42,Yes,Yes,DSL,No,No,Yes,No,No,No,Month-to-month,No,Electronic check,55.65,2421.75,No Churn,No Churn,0.47828069940791973,Medium Risk
Female,No,No,No,16,No,No phone service,DSL,Yes,No,No,No,Yes,No,Month-to-month,Yes,Electronic check,38.9,664.4,No Churn,Churn,0.694537954816317,High Risk
Male,No,No,Yes,40,No,No phone service,DSL,Yes,Yes,No,Yes,No,No,One year,No,Mailed check,40.25,1564.05,No Churn,No Churn,0.09104499607413351,Low Risk
Male,No,Yes,Yes,15,Yes,No,No,No internet service,No internet service,No internet service,No internet service,No internet service,No internet service,One year,No,Mailed check,19.65,332.65,No Churn,No Churn,0.11954020021115326,Low Risk
Female,No,No,No,2,Yes,No,DSL,No,Yes,No,No,No,No,Month-to-month,No,Mailed check,49.2,103.7,No Churn,Churn,0.5407378648797629,Medium Risk
Female,No,No,No,68,Yes,No,No,No internet service,No internet service,No internet service,No internet service,No internet service,No internet service,Two year,No,Credit card (automatic),20.5,1424.9,No Churn,No Churn,0.017485277104441064,Low Risk
Male,No,No,No,6,Yes,No,Fiber optic,No,Yes,No,No,No,Yes,Month-to-month,Yes,Electronic check,84.4,556.35,Churn,Churn,0.856024463452445,High Risk
Male,No,Yes,No,28,Yes,No,Fiber optic,No,No,No,Yes,No,No,Month-to-month,No,Bank transfer (automatic),76.55,2065.4,No Churn,No Churn,0.46886001890730666,Medium Risk
Male,No,No,No,45,Yes,No,No,No internet service,No internet service,No internet service,No internet service,No internet service,No internet service,One year,Yes,Electronic check,20.4,930.45,Churn,No Churn,0.11062418931529398,Low Risk
Female,No,Yes,No,72,Yes,Yes,Fiber optic,No,Yes,Yes,Yes,Yes,Yes,One year,No,Credit card (automatic),109.15,7789.6,No Churn,No Churn,0.2062100336977183,Low Risk
Female,No,Yes,No,57,Yes,No,No,No internet service,No internet service,No internet service,No internet service,No internet service,No internet service,Two year,No,Bank transfer (automatic),19.9,1115.6,No Churn,No Churn,0.021877057938307704,Low Risk
Female,No,Yes,No,38,Yes,Yes,Fiber optic,No,No,Yes,Yes,Yes,Yes,Month-to-month,Yes,Electronic check,105.0,4026.4,Churn,Churn,0.7690164154347525,High Risk
Female,No,Yes,Yes,6,Yes,No,DSL,No,No,No,Yes,No,No,Month-to-month,Yes,Mailed check,48.8,297.35,No Churn,No Churn,0.4518163901951708,Medium Risk
Female,No,Yes,No,37,Yes,No,No,No internet service,No internet service,No internet service,No internet service,No internet service,No internet service,Month-to-month,No,Bank transfer (automatic),19.5,805.2,No Churn,No Churn,0.14859567612183142,Low Risk
Female,No,Yes,No,48,Yes,No,Fiber optic,No,Yes,Yes,No,Yes,Yes,One year,Yes,Electronic check,97.05,4692.95,No Churn,Churn,0.5085322566220845,Medium Risk
Female,No,No,No,67,Yes,Yes,DSL,Yes,No,Yes,Yes,Yes,Yes,Two year,Yes,Mailed check,85.25,5714.2,No Churn,No Churn,0.06468675148792437,Low Risk
Female,No,No,No,23,Yes,Yes,DSL,No,No,No,Yes,Yes,Yes,One year,Yes,Mailed check,73.75,1756.6,No Churn,No Churn,0.422672281285759,Medium Risk
Male,No,No,No,6,Yes,No,Fiber optic,No,No,No,No,No,No,Month-to-month,Yes,Electronic check,69.1,435.0,No Churn,Churn,0.8357670046668442,High Risk
Male,No,Yes,Yes,25,Yes,No,No,No internet service,No internet service,No internet service,No internet service,No internet service,No internet service,One year,No,Electronic check,19.9,505.45,No Churn,No Churn,0.11933293497058774,Low Risk
Male,No,Yes,No,63,Yes,No,No,No internet service,No internet service,No internet service,No internet service,No internet service,No internet service,Two year,Yes,Bank transfer (automatic),19.95,1234.8,No Churn,No Churn,0.023259213251325715,Low Risk
Female,No,Yes,No,55,Yes,Yes,Fiber optic,Yes,No,No,No,Yes,No,Month-to-month,Yes,Bank transfer (automatic),89.8,4959.6,No Churn,No Churn,0.47156705216557543,Medium Risk
Male,Yes,No,No,54,No,No phone service,DSL,No,Yes,Yes,No,Yes,Yes,One year,Yes,Electronic check,55.45,2966.95,No Churn,No Churn,0.409082294983016,Medium Risk
Female,No,Yes,Yes,3,Yes,No,Fiber optic,No,No,No,No,Yes,No,Month-to-month,Yes,Electronic check,80.7,239.45,No Churn,Churn,0.8489839679748983,High Risk
Male,No,Yes,No,61,Yes,Yes,DSL,Yes,Yes,Yes,Yes,No,Yes,Two year,Yes,Bank transfer (automatic),80.8,4860.85,No Churn,No Churn,0.04385199323241673,Low Risk
Male,No,Yes,No,2,Yes,No,No,No internet service,No internet service,No internet service,No internet service,No internet service,No internet service,Month-to-month,No,Mailed check,20.0,38.0,No Churn,No Churn,0.36050816663043034,Medium Risk
Female,No,No,No,1,Yes,No,Fiber optic,No,Yes,No,No,No,No,Month-to-month,Yes,Electronic check,75.7,75.7,Churn,Churn,0.8368272077595991,High Risk
Male,No,Yes,Yes,9,No,No phone service,DSL,No,Yes,No,No,No,No,Month-to-month,Yes,Electronic check,29.95,248.95,Churn,Churn,0.6643112962793359,High Risk
Male,No,No,No,12,Yes,No,Fiber optic,No,No,Yes,No,Yes,Yes,One year,No,Electronic check,95.7,1184.0,No Churn,Churn,0.7363993245973763,High Risk
Male,No,Yes,No,59,Yes,Yes,Fiber optic,No,No,No,No,No,Yes,One year,No,Electronic check,85.55,5084.65,Churn,No Churn,0.3756239009581519,Medium Risk
Male,No,No,No,5,Yes,No,No,No internet service,No internet service,No internet service,No internet service,No internet service,No internet service,Month-to-month,No,Bank transfer (automatic),20.65,93.55,No Churn,No Churn,0.3254980581553982,Medium Risk
Male,No,No,No,1,Yes,No,No,No internet service,No internet service,No internet service,No internet service,No internet service,No internet service,Month-to-month,No,Electronic check,20.55,20.55,Churn,No Churn,0.4518777139222213,Medium Risk
Male,No,No,Yes,14,Yes,No,No,No internet service,No internet service,No internet service,No internet service,No internet service,No internet service,Month-to-month,No,Mailed check,19.95,268.4,No Churn,No Churn,0.2430342160240484,Low Risk
Female,No,No,No,32,Yes,Yes,Fiber optic,Yes,No,Yes,Yes,Yes,Yes,One year,Yes,Bank transfer (automatic),109.55,3608.0,No Churn,No Churn,0.46418623502455325,Medium Risk
Male,No,No,Yes,29,No,No phone service,DSL,Yes,Yes,Yes,Yes,No,No,Month-to-month,Yes,Mailed check,45.0,1242.45,No Churn,No Churn,0.2942422211577941,Low Risk
Male,No,No,Yes,52,Yes,Yes,DSL,Yes,Yes,No,Yes,Yes,Yes,Two year,Yes,Mailed check,85.15,4461.85,No Churn,No Churn,0.06740687157316852,Low Risk
Male,No,No,No,2,Yes,No,Fiber optic,No,No,No,No,No,No,Month-to-month,Yes,Electronic check,69.8,146.65,No Churn,Churn,0.8510341587948679,High Risk
Female,No,No,No,18,Yes,No,Fiber optic,No,Yes,Yes,No,No,No,Month-to-month,No,Electronic check,77.8,1358.6,No Churn,Churn,0.7181162628831185,High Risk
Female,No,No,Yes,16,Yes,Yes,Fiber optic,No,No,No,Yes,No,No,One year,Yes,Credit card (automatic),79.5,1264.2,No Churn,No Churn,0.4812612703680241,Medium Risk
Male,Yes,No,No,55,Yes,Yes,Fiber optic,Yes,Yes,Yes,Yes,Yes,Yes,Month-to-month,Yes,Electronic check,116.5,6382.55,No Churn,Churn,0.5965175420521018,Medium Risk
Male,No,No,No,69,No,No phone service,DSL,Yes,Yes,No,Yes,Yes,Yes,Two year,Yes,Bank transfer (automatic),60.05,4176.7,No Churn,No Churn,0.05456445525690451,Low Risk
Male,Yes,No,No,14,Yes,Yes,Fiber optic,No,No,No,No,No,No,Month-to-month,Yes,Electronic check,74.95,1036.75,Churn,Churn,0.8681168300168209,High Risk
Female,No,Yes,No,46,Yes,No,DSL,No,Yes,No,No,Yes,Yes,Month-to-month,Yes,Credit card (automatic),69.1,3168.0,No Churn,No Churn,0.3965793242709593,Medium Risk
Female,No,Yes,No,68,Yes,Yes,No,No internet service,No internet service,No internet service,No internet service,No internet service,No internet service,Two year,Yes,Credit card (automatic),24.95,1614.9,No Churn,No Churn,0.029125055628060698,Low Risk
Female,No,No,No,15,Yes,No,DSL,Yes,No,Yes,Yes,No,No,Month-to-month,No,Electronic check,58.95,955.15,No Churn,No Churn,0.3847093751712229,Medium Risk
Male,No,No,Yes,55,Yes,No,No,No internet service,No internet service,No internet service,No internet service,No internet service,No internet service,One year,No,Bank transfer (automatic),19.1,1001.5,No Churn,No Churn,0.0362405611749166,Low Risk
Female,No,Yes,Yes,71,Yes,Yes,Fiber optic,Yes,Yes,Yes,Yes,Yes,Yes,Two year,No,Credit card (automatic),113.65,8166.8,No Churn,No Churn,0.07039784144013238,Low Risk
Male,No,No,No,16,Yes,Yes,DSL,No,Yes,Yes,No,No,Yes,Month-to-month,Yes,Bank transfer (automatic),71.4,1212.1,No Churn,Churn,0.622403236038232,High Risk
Female,No,Yes,Yes,69,Yes,No,No,No internet service,No internet service,No internet service,No internet service,No internet service,No internet service,Two year,No,Bank transfer (automatic),19.75,1375.4,No Churn,No Churn,0.012033127882668313,Low Risk
Male,No,Yes,Yes,37,Yes,Yes,DSL,Yes,No,Yes,Yes,No,No,Two year,Yes,Credit card (automatic),62.8,2278.75,No Churn,No Churn,0.06693275124814241,Low Risk
Male,No,No,No,1,Yes,No,No,No internet service,No internet service,No internet service,No internet service,No internet service,No internet service,Month-to-month,No,Mailed check,20.3,20.3,No Churn,No Churn,0.3776144252246893,Medium Risk
Male,No,Yes,No,59,Yes,No,DSL,Yes,Yes,Yes,No,Yes,No,One year,No,Credit card (automatic),66.4,3958.2,No Churn,No Churn,0.0783897828063429,Low Risk
Female,No,Yes,No,20,Yes,No,Fiber optic,Yes,Yes,No,Yes,Yes,No,Month-to-month,Yes,Electronic check,96.55,1901.65,No Churn,Churn,0.6407013876188351,High Risk
Male,No,Yes,No,71,Yes,Yes,Fiber optic,Yes,Yes,Yes,Yes,Yes,Yes,Two year,Yes,Electronic check,116.25,8564.75,No Churn,No Churn,0.14400146424192808,Low Risk
Female,No,Yes,No,26,Yes,Yes,DSL,Yes,Yes,Yes,Yes,Yes,Yes,One year,Yes,Credit card (automatic),90.1,2312.55,No Churn,No Churn,0.27544989104691653,Low Risk
Male,Yes,No,No,36,Yes,Yes,Fiber optic,Yes,No,No,No,Yes,No,Month-to-month,Yes,Electronic check,90.85,3186.7,Churn,Churn,0.7535655214620628,High Risk
Female,No,Yes,Yes,7,Yes,No,No,No internet service,No internet service,No internet service,No internet service,No internet service,No internet service,Two year,No,Mailed check,19.85,144.15,No Churn,No Churn,0.08360580749054325,Low Risk
Male,No,Yes,Yes,19,Yes,No,No,No internet service,No internet service,No internet service,No internet service,No internet service,No internet service,Month-to-month,No,Mailed check,20.6,414.95,No Churn,No Churn,0.20692790880448966,Low Risk
Female,Yes,Yes,No,50,Yes,Yes,Fiber optic,No,Yes,Yes,No,Yes,No,Month-to-month,Yes,Electronic check,95.05,4888.7,Churn,Churn,0.720851678930116,High Risk
Female,No,No,No,1,Yes,No,Fiber optic,No,No,Yes,No,No,No,Month-to-month,No,Bank transfer (automatic),73.5,73.5,Churn,Churn,0.763749567631973,High Risk
Female,No,No,No,63,Yes,Yes,Fiber optic,No,Yes,No,No,Yes,Yes,One year,No,Bank transfer (automatic),99.9,6137.0,Churn,No Churn,0.30746823677138047,Medium Risk
Male,No,Yes,No,43,Yes,No,Fiber optic,Yes,No,Yes,Yes,No,No,One year,Yes,Bank transfer (automatic),84.25,3539.25,No Churn,No Churn,0.19204793668535908,Low Risk
Male,No,No,No,28,Yes,No,No,No internet service,No internet service,No internet service,No internet service,No internet service,No internet service,One year,No,Credit card (automatic),18.25,534.7,No Churn,No Churn,0.10646568147752274,Low Risk
Female,No,Yes,No,72,Yes,No,No,No internet service,No internet service,No internet service,No internet service,No internet service,No internet service,Two year,No,Bank transfer (automatic),20.05,1423.65,No Churn,No Churn,0.013861055646104622,Low Risk
Female,Yes,Yes,Yes,59,Yes,Yes,Fiber optic,No,No,Yes,No,No,Yes,Month-to-month,Yes,Credit card (automatic),88.75,5348.65,No Churn,Churn,0.555822450682347,Medium Risk
Female,No,No,No,3,No,No phone service,DSL,No,No,No,No,No,No,Month-to-month,No,Electronic check,25.25,58.9,Churn,Churn,0.7375961791931538,High Risk
Male,No,No,No,1,Yes,No,No,No internet service,No internet service,No internet service,No internet service,No internet service,No internet service,Month-to-month,No,Credit card (automatic),20.75,20.75,No Churn,No Churn,0.36941620902895167,Medium Risk
Male,No,No,No,16,Yes,Yes,Fiber optic,No,No,No,Yes,No,Yes,Month-to-month,Yes,Credit card (automatic),89.05,1448.6,Churn,Churn,0.7762757398466674,High Risk
Female,Yes,No,No,45,Yes,Yes,DSL,Yes,No,No,Yes,No,Yes,Month-to-month,Yes,Electronic check,70.05,3062.45,No Churn,No Churn,0.40243264679996954,Medium Risk
Female,No,Yes,No,40,Yes,Yes,Fiber optic,Yes,No,Yes,No,Yes,Yes,One year,No,Bank transfer (automatic),105.75,4228.55,No Churn,No Churn,0.40983300618520835,Medium Risk
Male,No,Yes,No,49,Yes,No,Fiber optic,No,No,Yes,Yes,Yes,Yes,One year,Yes,Credit card (automatic),99.25,4920.8,No Churn,No Churn,0.3615592845546135,Medium Risk
Female,No,No,No,1,Yes,Yes,Fiber optic,No,No,No,No,No,No,Month-to-month,Yes,Electronic check,77.15,77.15,Churn,Churn,0.8870726908876553,High Risk
Female,No,Yes,Yes,18,Yes,No,DSL,No,No,No,No,Yes,No,Month-to-month,No,Mailed check,55.95,1082.8,No Churn,No Churn,0.45109941671233567,Medium Risk
Female,No,Yes,No,64,Yes,Yes,Fiber optic,Yes,No,Yes,No,Yes,No,Two year,Yes,Credit card (automatic),94.6,5948.7,No Churn,No Churn,0.1536802074946653,Low Risk
Female,No,Yes,No,71,Yes,No,DSL,Yes,Yes,Yes,Yes,Yes,Yes,Two year,Yes,Credit card (automatic),84.4,5969.3,No Churn,No Churn,0.03544221274486228,Low Risk
Female,No,No,Yes,15,Yes,No,Fiber optic,No,No,No,No,No,No,Month-to-month,No,Bank transfer (automatic),69.0,994.8,Churn,Churn,0.6110965434806762,High Risk
Male,No,No,No,1,Yes,Yes,DSL,No,No,Yes,Yes,No,No,Month-to-month,No,Mailed check,62.05,62.05,Churn,Churn,0.5767085087019718,Medium Risk
Male,No,Yes,Yes,10,Yes,Yes,No,No internet service,No internet service,No internet service,No internet service,No internet service,No internet service,Month-to-month,Yes,Mailed check,24.4,253.9,No Churn,No Churn,0.37976859944682495,Medium Risk
Male,No,Yes,No,70,Yes,Yes,DSL,No,Yes,Yes,Yes,Yes,No,Two year,No,Bank transfer (automatic),72.95,5265.55,No Churn,No Churn,0.03988404249941763,Low Risk
Male,No,Yes,Yes,67,Yes,Yes,DSL,Yes,Yes,Yes,Yes,No,No,One year,Yes,Credit card (automatic),69.35,4653.25,No Churn,No Churn,0.04460393083370892,Low Risk
Male,No,Yes,Yes,4,Yes,No,No,No internet service,No internet service,No internet service,No internet service,No internet service,No internet service,Two year,No,Mailed check,19.9,76.65,No Churn,No Churn,0.090635644213362,Low Risk
Female,No,Yes,No,70,No,No phone service,DSL,Yes,Yes,Yes,Yes,Yes,Yes,Two year,No,Bank transfer (automatic),64.55,4504.9,No Churn,No Churn,0.04200014545466123,Low Risk
Male,No,No,No,1,Yes,Yes,Fiber optic,No,Yes,No,No,No,Yes,Month-to-month,Yes,Credit card (automatic),90.85,90.85,Churn,Churn,0.868926791875309,High Risk
Male,No,Yes,Yes,67,Yes,Yes,Fiber optic,Yes,Yes,Yes,No,Yes,Yes,One year,Yes,Electronic check,111.3,7482.1,Churn,No Churn,0.2857570034788829,Low Risk
Female,Yes,No,No,5,Yes,No,Fiber optic,No,No,Yes,No,No,No,Month-to-month,Yes,Credit card (automatic),75.55,349.65,Churn,Churn,0.82553490521695,High Risk
Male,No,No,Yes,3,Yes,Yes,No,No internet service,No internet service,No internet service,No internet service,No internet service,No internet service,Two year,Yes,Mailed check,26.4,121.25,No Churn,No Churn,0.1566036410071786,Low Risk
Female,No,Yes,Yes,1,Yes,No,No,No internet service,No internet service,No internet service,No internet service,No internet service,No internet service,Month-to-month,No,Electronic check,19.45,19.45,No Churn,No Churn,0.38641107476839975,Medium Risk
Male,No,Yes,No,20,Yes,No,No,No internet service,No internet service,No internet service,No internet service,No internet service,No internet service,One year,No,Mailed check,20.65,417.5,No Churn,No Churn,0.12752845186421982,Low Risk
Female,No,Yes,Yes,65,Yes,Yes,DSL,Yes,Yes,Yes,Yes,Yes,Yes,Two year,No,Bank transfer (automatic),91.55,5963.95,No Churn,No Churn,0.03244905646019131,Low Risk
Female,No,Yes,No,48,No,No phone service,DSL,Yes,No,Yes,No,No,Yes,Month-to-month,Yes,Bank transfer (automatic),45.3,2145.0,Churn,No Churn,0.35235625898821876,Medium Risk
Male,No,Yes,Yes,47,Yes,Yes,No,No internet service,No internet service,No internet service,No internet service,No internet service,No internet service,Two year,No,Mailed check,24.55,1160.45,No Churn,No Churn,0.03493106953496119,Low Risk
Female,No,No,No,34,Yes,Yes,Fiber optic,Yes,Yes,Yes,No,Yes,Yes,Month-to-month,Yes,Mailed check,109.8,3587.25,Churn,Churn,0.7079281749956736,High Risk
Female,No,Yes,No,67,Yes,Yes,DSL,Yes,Yes,Yes,No,No,No,Two year,No,Mailed check,65.65,4322.85,No Churn,No Churn,0.03335136920607084,Low Risk
Male,No,No,No,52,No,No phone service,DSL,No,Yes,No,No,No,No,One year,No,Mailed check,30.1,1623.4,No Churn,No Churn,0.15324589277770367,Low Risk
Female,No,No,No,64,Yes,Yes,Fiber optic,Yes,Yes,Yes,Yes,Yes,Yes,Two year,Yes,Bank transfer (automatic),115.1,7334.05,No Churn,No Churn,0.12840042242232275,Low Risk
Female,No,No,No,26,No,No phone service,DSL,No,No,Yes,No,Yes,Yes,Month-to-month,Yes,Credit card (automatic),50.35,1277.5,No Churn,Churn,0.7063101311081844,High Risk
Male,No,No,No,5,Yes,No,No,No internet service,No internet service,No internet service,No internet service,No internet service,No internet service,Month-to-month,No,Credit card (automatic),20.05,95.55,No Churn,No Churn,0.34290084842723473,Medium Risk
Male,No,Yes,No,60,Yes,No,Fiber optic,No,Yes,No,No,Yes,Yes,One year,Yes,Electronic check,94.4,5610.25,Churn,No Churn,0.3987942448695349,Medium Risk
Male,No,No,No,3,Yes,Yes,DSL,No,No,No,Yes,Yes,No,Month-to-month,Yes,Mailed check,65.25,209.9,No Churn,Churn,0.6858994175493509,High Risk
Female,Yes,No,No,45,No,No phone service,DSL,No,No,No,No,No,Yes,One year,No,Electronic check,34.2,1596.6,No Churn,No Churn,0.3674507744830629,Medium Risk
Male,No,No,Yes,1,Yes,No,DSL,Yes,Yes,No,Yes,No,Yes,Month-to-month,Yes,Bank transfer (automatic),70.45,70.45,No Churn,No Churn,0.41536722170309687,Medium Risk
Female,Yes,No,No,8,Yes,Yes,Fiber optic,No,No,No,No,No,No,Month-to-month,Yes,Electronic check,75.75,606.25,Churn,Churn,0.8873814932976369,High Risk
Male,Yes,Yes,No,59,Yes,No,Fiber optic,Yes,Yes,Yes,No,No,No,One year,Yes,Credit card (automatic),82.95,4903.15,No Churn,No Churn,0.1921008276092381,Low Risk
Male,No,Yes,No,18,Yes,No,DSL,No,No,Yes,No,No,No,Month-to-month,Yes,Mailed check,49.55,878.35,Churn,Churn,0.5113149306936241,Medium Risk
Male,No,No,No,39,No,No phone service,DSL,No,No,No,Yes,No,Yes,Month-to-month,Yes,Electronic check,40.6,1494.5,No Churn,Churn,0.5303552878771192,Medium Risk
Female,No,Yes,Yes,69,Yes,No,No,No internet service,No internet service,No internet service,No internet service,No internet service,No internet service,Two year,No,Bank transfer (automatic),20.2,1412.65,No Churn,No Churn,0.011973992535649824,Low Risk
Male,No,Yes,No,55,Yes,Yes,Fiber optic,Yes,Yes,No,No,Yes,No,Month-to-month,Yes,Electronic check,96.75,5238.9,Churn,Churn,0.5348329970026015,Medium Risk
Female,No,Yes,Yes,72,Yes,Yes,Fiber optic,Yes,Yes,Yes,Yes,Yes,Yes,Two year,Yes,Bank transfer (automatic),118.75,8672.45,No Churn,No Churn,0.07673315300071597,Low Risk
Male,No,No,No,18,No,No phone service,DSL,No,No,No,No,No,No,Month-to-month,No,Mailed check,25.15,476.8,No Churn,Churn,0.5643446363903462,Medium Risk
Female,No,Yes,No,72,Yes,Yes,Fiber optic,No,Yes,Yes,Yes,Yes,Yes,Two year,Yes,Bank transfer (automatic),110.45,7982.5,No Churn,No Churn,0.13851086266531487,Low Risk
Male,No,No,No,1,Yes,No,DSL,Yes,No,No,No,No,No,Month-to-month,No,Electronic check,49.75,49.75,No Churn,Churn,0.5602359930147897,Medium Risk
Male,No,No,No,2,Yes,No,No,No internet service,No internet service,No internet service,No internet service,No internet service,No internet service,One year,No,Credit card (automatic),19.3,28.3,Churn,No Churn,0.20805085342355836,Low Risk
Female,No,Yes,Yes,25,Yes,No,No,No internet service,No internet service,No internet service,No internet service,No internet service,No internet service,Two year,Yes,Mailed check,18.7,383.65,No Churn,No Churn,0.0638605726887741,Low Risk
Female,No,No,No,36,Yes,No,No,No internet service,No internet service,No internet service,No internet service,No internet service,No internet service,One year,Yes,Bank transfer (automatic),19.25,679.8,No Churn,No Churn,0.0996303438945146,Low Risk
Female,Yes,No,No,14,No,No phone service,DSL,Yes,No,Yes,Yes,No,No,Two year,No,Mailed check,39.7,692.35,No Churn,No Churn,0.1802142997722683,Low Risk
Male,No,Yes,Yes,18,Yes,No,Fiber optic,No,No,Yes,No,Yes,Yes,Month-to-month,No,Mailed check,95.15,1779.95,Churn,Churn,0.7390459081485337,High Risk
Male,No,Yes,No,53,Yes,No,No,No internet service,No internet service,No internet service,No internet service,No internet service,No internet service,Two year,No,Credit card (automatic),19.9,1110.05,No Churn,No Churn,0.026370767294894546,Low Risk
Male,No,No,No,19,No,No phone service,DSL,No,No,Yes,No,Yes,No,Month-to-month,Yes,Electronic check,39.65,733.35,Churn,Churn,0.7587454633285916,High Risk
Female,No,Yes,Yes,59,Yes,Yes,DSL,Yes,Yes,Yes,Yes,Yes,Yes,Two year,No,Credit card (automatic),90.3,5194.05,No Churn,No Churn,0.04210677384199797,Low Risk
Male,Yes,No,No,11,Yes,No,Fiber optic,No,No,No,No,No,Yes,Month-to-month,Yes,Electronic check,78.5,874.2,No Churn,Churn,0.878073169671088,High Risk
Male,No,No,No,48,Yes,Yes,Fiber optic,Yes,No,No,Yes,No,Yes,Month-to-month,Yes,Electronic check,95.4,4445.3,No Churn,Churn,0.5490893348151596,Medium Risk
Male,Yes,No,No,52,No,No phone service,DSL,Yes,No,No,No,Yes,Yes,Month-to-month,Yes,Credit card (automatic),48.8,2555.05,No Churn,No Churn,0.46594230091989025,Medium Risk
Male,No,No,No,27,Yes,No,DSL,Yes,No,No,Yes,No,No,Month-to-month,No,Mailed check,53.45,1461.45,No Churn,No Churn,0.23289788390271995,Low Risk
Female,Yes,No,No,18,Yes,No,Fiber optic,No,No,Yes,No,No,Yes,Month-to-month,Yes,Electronic check,84.95,1443.65,No Churn,Churn,0.8569937979954282,High Risk
Female,No,Yes,Yes,1,Yes,No,No,No internet service,No internet service,No internet service,No internet service,No internet service,No internet service,Month-to-month,Yes,Electronic check,21.0,21.0,Churn,No Churn,0.4433334980439618,Medium Risk
Female,No,No,No,18,Yes,Yes,Fiber optic,No,No,No,No,No,No,Month-to-month,Yes,Electronic check,74.15,1345.75,No Churn,Churn,0.8277630471680077,High Risk
Male,No,No,No,25,Yes,No,Fiber optic,No,No,Yes,Yes,Yes,Yes,Two year,No,Bank transfer (automatic),99.3,2513.5,No Churn,No Churn,0.32039816807848404,Medium Risk
Female,No,No,No,13,Yes,No,Fiber optic,No,Yes,No,No,No,No,One year,Yes,Mailed check,74.65,966.25,No Churn,Churn,0.54477632458902,Medium Risk
Male,No,No,No,5,Yes,Yes,Fiber optic,No,Yes,Yes,No,No,No,Month-to-month,Yes,Electronic check,85.3,424.15,Churn,Churn,0.8661104750091229,High Risk
Female,No,No,No,2,Yes,No,Fiber optic,No,No,No,No,No,Yes,Month-to-month,No,Electronic check,80.55,184.1,Churn,Churn,0.8553707006673121,High Risk
Male,No,Yes,Yes,47,No,No phone service,DSL,Yes,No,Yes,Yes,No,No,One year,No,Electronic check,40.3,1794.8,No Churn,No Churn,0.11135704212303991,Low Risk
Female,No,Yes,Yes,72,Yes,No,No,No internet service,No internet service,No internet service,No internet service,No internet service,No internet service,Two year,No,Bank transfer (automatic),19.55,1463.45,No Churn,No Churn,0.011004989405828926,Low Risk
Male,No,Yes,Yes,33,Yes,No,No,No internet service,No internet service,No internet service,No internet service,No internet service,No internet service,One year,Yes,Bank transfer (automatic),19.45,600.25,No Churn,No Churn,0.08319767153799437,Low Risk
Female,No,No,Yes,35,Yes,No,No,No internet service,No internet service,No internet service,No internet service,No internet service,No internet service,One year,Yes,Credit card (automatic),20.1,644.5,No Churn,No Churn,0.0872654007225258,Low Risk
Female,No,No,No,48,Yes,Yes,DSL,No,Yes,Yes,Yes,Yes,No,One year,Yes,Bank transfer (automatic),73.85,3581.4,No Churn,No Churn,0.1729366327355386,Low Risk
Male,Yes,No,No,4,Yes,No,Fiber optic,No,No,No,No,No,No,Month-to-month,No,Electronic check,69.35,261.65,No Churn,Churn,0.8372115461500172,High Risk
Male,No,Yes,No,29,No,No phone service,DSL,No,No,No,No,Yes,Yes,Month-to-month,Yes,Electronic check,45.9,1332.4,No Churn,Churn,0.7357594570613339,High Risk
Male,No,Yes,No,34,Yes,Yes,Fiber optic,No,No,Yes,No,Yes,Yes,Month-to-month,Yes,Electronic check,100.05,3480.0,Churn,Churn,0.8400971346731854,High Risk
Male,No,Yes,Yes,69,No,No phone service,DSL,Yes,No,Yes,Yes,No,No,Two year,No,Mailed check,39.1,2779.5,No Churn,No Churn,0.024182547757820163,Low Risk
Female,No,No,No,25,No,No phone service,DSL,No,No,Yes,Yes,Yes,Yes,One year,No,Electronic check,54.2,1423.15,No Churn,No Churn,0.47115677414748397,Medium Risk
Female,No,Yes,No,72,Yes,Yes,DSL,Yes,Yes,No,Yes,Yes,Yes,Two year,Yes,Bank transfer (automatic),86.4,6058.95,No Churn,No Churn,0.04058089454691662,Low Risk
Female,No,Yes,Yes,33,Yes,No,No,No internet service,No internet service,No internet service,No internet service,No internet service,No internet service,Two year,No,Mailed check,20.1,670.35,No Churn,No Churn,0.039188833791156286,Low Risk
Male,No,Yes,Yes,68,Yes,Yes,Fiber optic,Yes,Yes,No,No,No,No,One year,Yes,Bank transfer (automatic),85.5,5696.6,No Churn,No Churn,0.12011189998124801,Low Risk
Male,No,No,Yes,44,Yes,No,No,No internet service,No internet service,No internet service,No internet service,No internet service,No internet service,Two year,No,Bank transfer (automatic),19.55,819.95,No Churn,No Churn,0.026805271185887648,Low Risk
Female,No,No,No,50,Yes,No,No,No internet service,No internet service,No internet service,No internet service,No internet service,No internet service,Two year,No,Credit card (automatic),19.4,1023.95,No Churn,No Churn,0.03043833895848662,Low Risk
Male,No,Yes,Yes,24,Yes,Yes,No,No internet service,No internet service,No internet service,No internet service,No internet service,No internet service,Two year,No,Mailed check,24.2,609.05,No Churn,No Churn,0.06880236685965911,Low Risk
Male,No,Yes,Yes,22,Yes,No,DSL,Yes,Yes,No,Yes,No,No,Month-to-month,Yes,Mailed check,57.95,1271.8,No Churn,No Churn,0.23187746336462312,Low Risk
Male,No,Yes,Yes,72,Yes,Yes,Fiber optic,Yes,Yes,No,Yes,Yes,Yes,Two year,Yes,Credit card (automatic),107.7,7919.8,No Churn,No Churn,0.0833811242306939,Low Risk
Female,No,No,No,2,Yes,Yes,Fiber optic,No,No,No,No,No,No,Month-to-month,Yes,Mailed check,74.9,136.05,No Churn,Churn,0.8514333812229262,High Risk
Female,No,No,No,49,Yes,No,DSL,No,No,Yes,Yes,Yes,Yes,Two year,Yes,Bank transfer (automatic),74.45,3721.9,No Churn,No Churn,0.10578182694442131,Low Risk
Female,No,Yes,No,55,Yes,No,Fiber optic,Yes,No,No,No,Yes,Yes,One year,Yes,Electronic check,94.75,5276.1,No Churn,No Churn,0.37560449202834517,Medium Risk
Female,No,No,Yes,2,Yes,Yes,Fiber optic,No,No,No,No,Yes,Yes,Month-to-month,Yes,Bank transfer (automatic),94.2,193.8,Churn,Churn,0.8818883921926105,High Risk
Male,No,No,No,2,Yes,No,Fiber optic,No,No,No,No,No,No,Month-to-month,Yes,Electronic check,67.75,116.65,Churn,Churn,0.8538910240849684,High Risk
Male,No,No,Yes,4,Yes,No,DSL,Yes,No,No,No,No,No,Month-to-month,No,Electronic check,49.35,219.65,Churn,No Churn,0.47871645522577083,Medium Risk
Male,No,No,No,3,No,No phone service,DSL,No,No,Yes,No,Yes,No,Month-to-month,Yes,Mailed check,40.15,130.75,Churn,Churn,0.7899486677403004,High Risk
Female,No,Yes,Yes,3,No,No phone service,DSL,No,No,No,Yes,No,No,Month-to-month,Yes,Mailed check,31.0,95.05,Churn,Churn,0.5855953943671214,Medium Risk
Male,Yes,Yes,No,34,Yes,Yes,Fiber optic,No,No,No,No,No,No,Month-to-month,Yes,Electronic check,75.55,2425.4,No Churn,Churn,0.7711261345069637,High Risk
Male,No,Yes,Yes,49,Yes,Yes,Fiber optic,No,No,No,Yes,Yes,Yes,One year,Yes,Electronic check,97.95,4917.9,No Churn,No Churn,0.4529854592545247,Medium Risk
Male,No,Yes,Yes,11,Yes,Yes,Fiber optic,No,No,No,No,No,No,Month-to-month,Yes,Electronic check,74.35,834.2,Churn,Churn,0.8168200660899034,High Risk
Female,Yes,Yes,No,70,Yes,Yes,Fiber optic,No,Yes,No,Yes,Yes,Yes,Two year,Yes,Bank transfer (automatic),104.45,7349.35,No Churn,No Churn,0.16853230306370673,Low Risk
Male,No,Yes,Yes,8,Yes,No,DSL,Yes,No,No,No,No,No,Month-to-month,Yes,Credit card (automatic),51.3,411.6,No Churn,No Churn,0.4100820955462963,Medium Risk
Male,No,No,No,12,Yes,No,No,No internet service,No internet service,No internet service,No internet service,No internet service,No internet service,Month-to-month,No,Credit card (automatic),20.05,265.45,No Churn,No Churn,0.2960054710101645,Low Risk
Female,Yes,Yes,No,35,Yes,Yes,Fiber optic,Yes,Yes,No,Yes,Yes,No,Month-to-month,Yes,Bank transfer (automatic),100.5,3653.35,Churn,Churn,0.5572022192690319,Medium Risk
Male,No,No,No,48,Yes,Yes,Fiber optic,No,Yes,Yes,No,Yes,Yes,Two year,Yes,Bank transfer (automatic),108.1,5067.45,No Churn,No Churn,0.32360405211963705,Medium Risk
Male,No,No,No,12,Yes,No,DSL,No,No,No,Yes,No,No,Month-to-month,No,Bank transfer (automatic),50.25,593.75,Churn,No Churn,0.38542169246276003,Medium Risk
Male,No,No,No,11,Yes,No,Fiber optic,No,No,Yes,No,No,Yes,Month-to-month,No,Electronic check,84.8,888.75,No Churn,Churn,0.8247830257546015,High Risk
Male,No,Yes,Yes,1,Yes,No,Fiber optic,No,No,No,No,No,No,Month-to-month,Yes,Electronic check,70.0,70.0,Churn,Churn,0.8155176058133822,High Risk
Female,No,No,No,31,Yes,Yes,DSL,Yes,No,Yes,Yes,No,No,Month-to-month,No,Credit card (automatic),65.25,1994.3,Churn,No Churn,0.267548889425577,Low Risk
Male,No,No,No,3,Yes,Yes,Fiber optic,No,No,Yes,No,Yes,Yes,Month-to-month,Yes,Electronic check,100.95,329.95,Churn,Churn,0.9341025110495635,High Risk
Female,Yes,Yes,No,40,Yes,No,Fiber optic,No,Yes,No,Yes,Yes,Yes,One year,Yes,Credit card (automatic),99.2,4062.2,Churn,No Churn,0.43529157332383217,Medium Risk
Female,No,Yes,Yes,66,Yes,Yes,DSL,Yes,Yes,Yes,No,No,No,Month-to-month,Yes,Bank transfer (automatic),67.45,4508.65,No Churn,No Churn,0.11798036298681448,Low Risk
Female,No,No,No,40,Yes,Yes,Fiber optic,No,No,Yes,Yes,Yes,Yes,One year,Yes,Credit card (automatic),105.95,4335.2,No Churn,Churn,0.5124582797258531,Medium Risk
Female,No,No,No,19,No,No phone service,DSL,No,Yes,No,No,No,Yes,Month-to-month,Yes,Electronic check,39.7,710.05,No Churn,Churn,0.7224736011888535,High Risk
Female,No,No,No,1,Yes,No,No,No internet service,No internet service,No internet service,No internet service,No internet service,No internet service,Month-to-month,No,Electronic check,20.7,20.7,No Churn,No Churn,0.45235319458357165,Medium Risk
Male,No,Yes,Yes,60,Yes,Yes,Fiber optic,Yes,No,Yes,Yes,Yes,Yes,Two year,Yes,Electronic check,110.6,6586.85,No Churn,No Churn,0.17615920920615696,Low Risk
Male,No,Yes,Yes,42,Yes,No,No,No internet service,No internet service,No internet service,No internet service,No internet service,No internet service,Two year,No,Mailed check,19.35,867.3,No Churn,No Churn,0.03010869002914622,Low Risk
Male,No,Yes,No,64,Yes,Yes,DSL,Yes,No,No,No,Yes,No,One year,Yes,Credit card (automatic),66.15,4392.5,No Churn,No Churn,0.11694647684005455,Low Risk
Female,No,No,No,70,Yes,Yes,DSL,Yes,Yes,Yes,Yes,Yes,Yes,Two year,No,Credit card (automatic),89.75,6367.2,No Churn,No Churn,0.04020403976091563,Low Risk
Female,No,Yes,No,42,Yes,Yes,Fiber optic,No,No,Yes,Yes,No,No,Month-to-month,Yes,Credit card (automatic),85.9,3729.75,No Churn,Churn,0.5330423310961275,Medium Risk
Male,No,No,No,14,Yes,No,No,No internet service,No internet service,No internet service,No internet service,No internet service,No internet service,One year,No,Mailed check,19.35,324.8,No Churn,No Churn,0.15742637035078189,Low Risk
Female,No,Yes,Yes,61,Yes,Yes,DSL,Yes,Yes,No,No,No,No,Month-to-month,No,Electronic check,59.8,3641.5,No Churn,No Churn,0.15268120021666806,Low Risk
Male,No,No,No,35,Yes,No,Fiber optic,Yes,No,No,Yes,No,Yes,One year,Yes,Electronic check,89.2,3251.3,No Churn,No Churn,0.3808784711826111,Medium Risk
Female,No,No,No,1,Yes,No,DSL,No,No,Yes,No,No,No,Month-to-month,Yes,Mailed check,50.45,50.45,Churn,Churn,0.6478006925108094,High Risk
Male,Yes,No,No,33,Yes,Yes,Fiber optic,No,Yes,Yes,No,No,No,Month-to-month,Yes,Credit card (automatic),83.85,2716.3,Churn,Churn,0.7074893514535848,High Risk
Male,Yes,No,No,64,Yes,No,No,No internet service,No internet service,No internet service,No internet service,No internet service,No internet service,Two year,Yes,Bank transfer (automatic),20.05,1198.05,No Churn,No Churn,0.02874926488081015,Low Risk
Female,No,No,No,6,Yes,No,No,No internet service,No internet service,No internet service,No internet service,No internet service,No internet service,Month-to-month,No,Mailed check,20.0,109.2,No Churn,No Churn,0.34365116384434946,Medium Risk
Female,Yes,Yes,Yes,65,Yes,Yes,Fiber optic,No,No,Yes,Yes,Yes,Yes,One year,Yes,Bank transfer (automatic),103.9,6767.1,No Churn,No Churn,0.29901829808503844,Low Risk
Female,Yes,Yes,No,25,Yes,No,Fiber optic,No,No,No,No,No,No,Month-to-month,Yes,Electronic check,69.3,1813.1,No Churn,Churn,0.7684853019074918,High Risk
Male,No,Yes,Yes,71,Yes,Yes,DSL,Yes,Yes,Yes,Yes,Yes,Yes,Two year,No,Credit card (automatic),89.9,6457.15,No Churn,No Churn,0.029484544256485282,Low Risk
Male,No,No,No,34,Yes,Yes,Fiber optic,No,Yes,Yes,No,Yes,Yes,Month-to-month,Yes,Electronic check,106.35,3549.25,Churn,Churn,0.8260795371388474,High Risk
Male,No,No,No,4,Yes,Yes,Fiber optic,No,No,No,No,No,No,Month-to-month,Yes,Bank transfer (automatic),72.2,305.55,Churn,Churn,0.8332564732541387,High Risk
Female,No,No,Yes,11,Yes,No,No,No internet service,No internet service,No internet service,No internet service,No internet service,No internet service,Month-to-month,No,Credit card (automatic),19.7,216.2,No Churn,No Churn,0.25592783053804985,Low Risk
Male,No,Yes,Yes,53,Yes,No,No,No internet service,No internet service,No internet service,No internet service,No internet service,No internet service,One year,No,Credit card (automatic),20.2,1068.15,No Churn,No Churn,0.03895920131388276,Low Risk
Female,Yes,No,No,21,Yes,Yes,Fiber optic,No,No,No,No,Yes,Yes,Month-to-month,Yes,Bank transfer (automatic),95.4,2025.1,No Churn,Churn,0.8645485898844003,High Risk
Male,Yes,Yes,No,57,Yes,Yes,Fiber optic,No,No,Yes,No,Yes,Yes,Month-to-month,No,Electronic check,100.6,5746.15,Churn,Churn,0.7098721191981207,High Risk
Female,No,No,No,4,Yes,Yes,Fiber optic,No,Yes,No,No,No,No,Month-to-month,Yes,Mailed check,80.3,324.2,No Churn,Churn,0.8245303936046751,High Risk
Male,No,No,No,7,Yes,No,DSL,No,No,No,No,No,No,Month-to-month,No,Mailed check,43.9,278.4,No Churn,Churn,0.5352325935920575,Medium Risk
Male,No,No,Yes,41,Yes,No,DSL,Yes,Yes,Yes,No,Yes,No,One year,No,Mailed check,70.2,2894.55,No Churn,No Churn,0.10771598530230718,Low Risk
Male,No,No,Yes,25,Yes,No,Fiber optic,No,Yes,No,No,Yes,Yes,Month-to-month,Yes,Electronic check,95.9,2448.75,Churn,Churn,0.776755606220882,High Risk
Female,No,No,No,1,Yes,No,DSL,No,No,No,Yes,No,No,Month-to-month,Yes,Electronic check,52.2,52.2,Churn,Churn,0.6266221151732473,High Risk
Female,No,Yes,Yes,29,Yes,No,No,No internet service,No internet service,No internet service,No internet service,No internet service,No internet service,One year,No,Electronic check,20.0,540.05,No Churn,No Churn,0.10719517516928714,Low Risk
Male,No,Yes,Yes,64,Yes,Yes,Fiber optic,No,No,Yes,No,No,Yes,One year,No,Credit card (automatic),90.25,5629.15,No Churn,No Churn,0.2327240888177417,Low Risk
Male,No,No,No,44,Yes,No,DSL,Yes,No,No,Yes,Yes,No,One year,No,Electronic check,65.4,2774.55,No Churn,No Churn,0.12900833752623916,Low Risk
Female,No,No,No,1,Yes,No,DSL,No,No,No,No,No,No,Month-to-month,No,Mailed check,45.15,45.15,No Churn,Churn,0.5783581498667654,Medium Risk
Male,No,Yes,Yes,71,Yes,No,Fiber optic,Yes,Yes,Yes,Yes,Yes,Yes,Two year,No,Credit card (automatic),109.3,7782.85,No Churn,No Churn,0.052083077489346624,Low Risk
Female,No,No,No,70,Yes,Yes,DSL,Yes,Yes,Yes,No,Yes,Yes,Two year,No,Mailed check,84.7,5991.05,No Churn,No Churn,0.05704077660322275,Low Risk
Female,No,No,No,2,Yes,No,No,No internet service,No internet service,No internet service,No internet service,No internet service,No internet service,Month-to-month,No,Credit card (automatic),20.35,35.1,No Churn,No Churn,0.3641110236010242,Medium Risk
Female,No,No,No,3,Yes,No,Fiber optic,No,Yes,No,No,Yes,No,Month-to-month,No,Electronic check,83.75,247.25,Churn,Churn,0.8387586919128175,High Risk
Female,No,Yes,Yes,6,Yes,No,No,No internet service,No internet service,No internet service,No internet service,No internet service,No internet service,Month-to-month,No,Mailed check,19.7,113.5,No Churn,No Churn,0.28315844558188036,Low Risk
Male,No,Yes,Yes,19,Yes,Yes,Fiber optic,No,No,No,Yes,Yes,Yes,One year,Yes,Electronic check,100.95,1875.55,Churn,Churn,0.6690413832338351,High Risk
Female,No,Yes,Yes,6,Yes,Yes,Fiber optic,No,Yes,Yes,No,Yes,No,Month-to-month,Yes,Mailed check,94.05,518.75,No Churn,Churn,0.8271226531119167,High Risk
Female,No,Yes,No,49,Yes,No,No,No internet service,No internet service,No internet service,No internet service,No internet service,No internet service,One year,No,Credit card (automatic),20.7,1032.05,No Churn,No Churn,0.05494731925779564,Low Risk
Male,No,Yes,Yes,39,Yes,Yes,Fiber optic,No,No,Yes,No,Yes,Yes,One year,No,Electronic check,100.0,3835.55,No Churn,Churn,0.5564818639544121,Medium Risk
Female,No,Yes,Yes,61,Yes,Yes,Fiber optic,Yes,Yes,Yes,No,No,Yes,One year,Yes,Credit card (automatic),100.7,6018.65,No Churn,No Churn,0.2032016772148512,Low Risk
Female,No,No,No,1,No,No phone service,DSL,No,No,No,No,No,No,Month-to-month,No,Mailed check,24.4,24.4,No Churn,Churn,0.6889628532812866,High Risk
Female,No,No,No,5,Yes,No,No,No internet service,No internet service,No internet service,No internet service,No internet service,No internet service,Month-to-month,No,Mailed check,19.95,109.6,No Churn,No Churn,0.35077046195109424,Medium Risk
Male,No,Yes,No,3,No,No phone service,DSL,Yes,No,No,Yes,No,No,Month-to-month,No,Mailed check,35.1,101.1,No Churn,No Churn,0.48881490511885434,Medium Risk
Male,No,No,No,67,Yes,No,No,No internet service,No internet service,No internet service,No internet service,No internet service,No internet service,Two year,No,Bank transfer (automatic),20.5,1430.95,No Churn,No Churn,0.016740259482920575,Low Risk
Male,Yes,No,No,69,Yes,Yes,DSL,Yes,No,Yes,Yes,No,Yes,Two year,No,Credit card (automatic),74.1,5031.0,No Churn,No Churn,0.042754558671157086,Low Risk
Female,No,No,No,19,Yes,No,DSL,No,No,No,No,No,Yes,Month-to-month,Yes,Electronic check,56.2,1093.4,No Churn,Churn,0.6460244700636217,High Risk
Female,No,Yes,Yes,62,Yes,Yes,Fiber optic,No,Yes,Yes,Yes,Yes,Yes,One year,Yes,Electronic check,110.8,6840.95,No Churn,No Churn,0.3306094442191219,Medium Risk
Male,Yes,Yes,No,4,No,No phone service,DSL,No,No,Yes,No,No,No,Month-to-month,Yes,Electronic check,29.9,118.25,No Churn,Churn,0.8111127063824374,High Risk
Female,No,No,No,15,Yes,No,Fiber optic,No,Yes,No,No,Yes,No,Month-to-month,Yes,Bank transfer (automatic),83.2,1130.0,No Churn,Churn,0.7550612715042253,High Risk
Male,No,Yes,Yes,52,Yes,Yes,Fiber optic,No,Yes,No,Yes,No,Yes,Month-to-month,Yes,Bank transfer (automatic),93.25,4631.7,No Churn,No Churn,0.4141172267823372,Medium Risk
Male,No,No,No,1,Yes,No,No,No internet service,No internet service,No internet service,No internet service,No internet service,No internet service,Month-to-month,No,Mailed check,20.25,20.25,Churn,No Churn,0.3777446451931336,Medium Risk
Male,Yes,No,No,1,Yes,No,DSL,No,No,No,No,No,No,Month-to-month,No,Electronic check,45.2,45.2,No Churn,Churn,0.6952634514928053,High Risk
Female,No,No,No,68,No,No phone service,DSL,Yes,No,Yes,Yes,No,No,Two year,No,Mailed check,38.9,2719.2,No Churn,No Churn,0.0330577608801991,Low Risk
Male,No,Yes,Yes,2,Yes,No,No,No internet service,No internet service,No internet service,No internet service,No internet service,No internet service,One year,No,Mailed check,19.85,35.9,Churn,No Churn,0.16827999840073293,Low Risk
Male,No,Yes,No,71,Yes,Yes,Fiber optic,Yes,Yes,Yes,No,Yes,No,Two year,Yes,Electronic check,99.0,6994.6,No Churn,No Churn,0.1529135740617978,Low Risk
Female,No,No,No,23,Yes,No,No,No internet service,No internet service,No internet service,No internet service,No internet service,No internet service,Month-to-month,Yes,Mailed check,19.5,470.2,No Churn,No Churn,0.28615352253971593,Low Risk
Female,No,Yes,Yes,59,Yes,Yes,No,No internet service,No internet service,No internet service,No internet service,No internet service,No internet service,Two year,No,Mailed check,25.45,1534.05,No Churn,No Churn,0.024233247914742784,Low Risk
Female,No,No,No,12,Yes,No,No,No internet service,No internet service,No internet service,No internet service,No internet service,No internet service,Month-to-month,No,Mailed check,20.1,223.6,No Churn,No Churn,0.30294449175437516,Medium Risk
Female,No,Yes,No,51,Yes,No,Fiber optic,Yes,Yes,Yes,No,Yes,No,One year,Yes,Electronic check,93.5,4619.55,No Churn,No Churn,0.32083164345405785,Medium Risk
Male,No,No,No,55,Yes,No,DSL,Yes,No,Yes,Yes,No,No,Two year,Yes,Electronic check,59.2,3175.85,No Churn,No Churn,0.05258778669002369,Low Risk
Male,Yes,Yes,No,60,Yes,Yes,Fiber optic,No,Yes,Yes,No,Yes,Yes,One year,Yes,Electronic check,104.35,6339.45,No Churn,Churn,0.5370324710829271,Medium Risk
Female,No,No,Yes,5,Yes,No,DSL,No,No,No,No,No,No,Month-to-month,No,Mailed check,46.0,221.7,Churn,No Churn,0.4860095406317343,Medium Risk
Male,Yes,Yes,No,23,Yes,No,Fiber optic,Yes,Yes,No,No,No,Yes,Month-to-month,Yes,Electronic check,90.0,2024.1,No Churn,Churn,0.7359322878999075,High Risk
Male,No,No,No,13,No,No phone service,DSL,No,No,No,No,No,No,Month-to-month,Yes,Bank transfer (automatic),25.15,331.85,No Churn,Churn,0.6372452741247081,High Risk
Female,Yes,Yes,No,66,Yes,Yes,DSL,No,Yes,Yes,No,Yes,Yes,Two year,Yes,Bank transfer (automatic),80.55,5265.1,Churn,No Churn,0.1192923143572192,Low Risk
Female,No,Yes,No,49,Yes,Yes,DSL,No,No,No,No,No,No,Month-to-month,Yes,Credit card (automatic),52.15,2583.75,No Churn,No Churn,0.3315356675889129,Medium Risk
Male,No,No,No,1,Yes,No,No,No internet service,No internet service,No internet service,No internet service,No internet service,No internet service,Month-to-month,No,Mailed check,19.8,19.8,Churn,No Churn,0.37891741682289065,Medium Risk
Female,No,No,No,3,Yes,No,Fiber optic,No,No,No,No,No,No,Month-to-month,Yes,Bank transfer (automatic),69.55,222.3,Churn,Churn,0.7870500926664343,High Risk
Male,No,Yes,Yes,46,Yes,No,No,No internet service,No internet service,No internet service,No internet service,No internet service,No internet service,Two year,No,Credit card (automatic),19.75,856.5,No Churn,No Churn,0.02582419078478682,Low Risk
Female,No,Yes,No,42,Yes,Yes,DSL,Yes,No,Yes,Yes,Yes,Yes,Two year,No,Credit card (automatic),84.35,3571.6,No Churn,No Churn,0.09815704570517883,Low Risk
Female,No,Yes,No,14,Yes,No,Fiber optic,Yes,Yes,No,Yes,Yes,Yes,One year,No,Mailed check,105.95,1348.9,Churn,No Churn,0.42873423810351124,Medium Risk
Male,No,Yes,Yes,59,Yes,No,No,No internet service,No internet service,No internet service,No internet service,No internet service,No internet service,Two year,No,Mailed check,19.85,1188.25,No Churn,No Churn,0.017942463940164508,Low Risk
Male,No,No,No,23,Yes,Yes,Fiber optic,No,No,No,No,No,No,Month-to-month,Yes,Electronic check,74.95,1710.45,Churn,Churn,0.8026792271402897,High Risk
Female,No,No,No,8,Yes,No,No,No internet service,No internet service,No internet service,No internet service,No internet service,No internet service,Two year,No,Mailed check,20.85,161.65,No Churn,No Churn,0.1042224747013782,Low Risk
Male,No,Yes,Yes,22,Yes,No,DSL,Yes,No,Yes,Yes,Yes,No,One year,Yes,Bank transfer (automatic),67.5,1544.05,Churn,No Churn,0.16823387499683357,Low Risk
Male,No,Yes,Yes,8,Yes,No,No,No internet service,No internet service,No internet service,No internet service,No internet service,No internet service,Month-to-month,Yes,Mailed check,19.35,152.6,No Churn,No Churn,0.3233735953366087,Medium Risk
Female,No,No,No,3,Yes,Yes,Fiber optic,No,No,No,No,Yes,Yes,Month-to-month,Yes,Electronic check,96.6,291.9,Churn,Churn,0.9310638144192749,High Risk
Male,No,Yes,Yes,66,Yes,No,No,No internet service,No internet service,No internet service,No internet service,No internet service,No internet service,One year,Yes,Electronic check,20.35,1359.5,No Churn,No Churn,0.046666805481013325,Low Risk
Male,No,Yes,Yes,72,No,No phone service,DSL,Yes,No,Yes,Yes,Yes,Yes,Two year,No,Bank transfer (automatic),60.95,4549.05,No Churn,No Churn,0.03506839938303496,Low Risk
Male,No,No,No,1,No,No phone service,DSL,No,No,No,No,No,No,Month-to-month,No,Mailed check,25.35,25.35,No Churn,Churn,0.68593149482665,High Risk
Male,No,No,No,1,Yes,No,Fiber optic,No,No,No,No,Yes,Yes,Month-to-month,Yes,Electronic check,88.35,88.35,Churn,Churn,0.9158493275575625,High Risk
Female,No,Yes,Yes,6,Yes,No,No,No internet service,No internet service,No internet service,No internet service,No internet service,No internet service,Month-to-month,No,Mailed check,19.85,119.3,No Churn,No Churn,0.2828211913545247,Low Risk
Male,No,No,No,66,Yes,No,No,No internet service,No internet service,No internet service,No internet service,No internet service,No internet service,Two year,No,Bank transfer (automatic),19.35,1240.8,No Churn,No Churn,0.01747324270076797,Low Risk
Male,No,Yes,No,37,Yes,Yes,DSL,Yes,No,Yes,No,Yes,Yes,One year,No,Mailed check,79.25,2911.8,No Churn,No Churn,0.25858155413808087,Low Risk
Male,No,No,Yes,1,Yes,Yes,DSL,No,No,No,No,No,No,Month-to-month,Yes,Electronic check,50.05,50.05,No Churn,Churn,0.7202635659962203,High Risk
Female,No,No,No,16,Yes,Yes,Fiber optic,No,No,No,No,No,No,Month-to-month,No,Electronic check,72.65,1194.3,Churn,Churn,0.8015859723156241,High Risk
Male,No,Yes,Yes,35,Yes,Yes,DSL,Yes,Yes,Yes,Yes,No,No,Two year,Yes,Credit card (automatic),69.15,2490.15,No Churn,No Churn,0.061778699873019885,Low Risk
Female,No,Yes,No,66,Yes,Yes,DSL,Yes,Yes,Yes,No,No,No,Two year,No,Bank transfer (automatic),66.9,4370.25,No Churn,No Churn,0.030728452376091897,Low Risk
Female,Yes,Yes,No,69,Yes,Yes,Fiber optic,No,Yes,No,Yes,Yes,Yes,Two year,No,Credit card (automatic),105.4,6998.95,No Churn,No Churn,0.1472777842852516,Low Risk
Male,No,No,No,1,Yes,No,No,No internet service,No internet service,No internet service,No internet service,No internet service,No internet service,Month-to-month,No,Electronic check,19.45,19.45,No Churn,No Churn,0.45489843447110667,Medium Risk
Female,Yes,No,No,2,Yes,No,Fiber optic,No,No,No,No,No,No,Month-to-month,No,Electronic check,70.75,154.85,Churn,Churn,0.8438829603161994,High Risk
Female,No,No,No,53,Yes,Yes,Fiber optic,Yes,No,Yes,No,Yes,Yes,One year,Yes,Credit card (automatic),106.95,5785.5,Churn,No Churn,0.39900255338902024,Medium Risk
Male,No,No,No,27,Yes,No,DSL,Yes,No,No,No,No,No,Month-to-month,No,Mailed check,50.35,1411.35,No Churn,No Churn,0.2939699300418513,Low Risk
Female,Yes,No,No,64,Yes,Yes,Fiber optic,Yes,No,Yes,Yes,Yes,Yes,Month-to-month,Yes,Bank transfer (automatic),108.95,7111.3,No Churn,No Churn,0.46667406871599926,Medium Risk
Female,No,Yes,No,71,Yes,Yes,No,No internet service,No internet service,No internet service,No internet service,No internet service,No internet service,Two year,Yes,Credit card (automatic),25.95,1801.9,No Churn,No Churn,0.02633289244606268,Low Risk
Female,No,Yes,Yes,51,Yes,Yes,Fiber optic,Yes,No,No,Yes,Yes,No,One year,Yes,Mailed check,95.15,5000.05,No Churn,No Churn,0.22167329700956864,Low Risk
Female,No,No,No,36,Yes,No,Fiber optic,No,No,Yes,Yes,No,Yes,Month-to-month,Yes,Electronic check,87.55,3078.1,Churn,Churn,0.6728811431098648,High Risk
Male,No,No,No,54,Yes,No,DSL,Yes,Yes,No,Yes,Yes,No,Month-to-month,Yes,Mailed check,69.9,3883.3,No Churn,No Churn,0.1658415392612595,Low Risk
Female,No,Yes,Yes,52,Yes,Yes,No,No internet service,No internet service,No internet service,No internet service,No internet service,No internet service,Two year,Yes,Bank transfer (automatic),25.05,1270.25,No Churn,No Churn,0.03473222525757657,Low Risk
Female,No,No,No,1,Yes,No,DSL,No,Yes,No,No,No,No,Month-to-month,No,Electronic check,49.95,49.95,No Churn,Churn,0.6213375797788866,High Risk
Female,No,Yes,Yes,7,Yes,Yes,DSL,No,No,No,No,No,No,Month-to-month,No,Electronic check,48.8,349.8,No Churn,Churn,0.6177868347640638,High Risk
Male,No,Yes,Yes,28,Yes,Yes,Fiber optic,Yes,Yes,No,No,Yes,Yes,One year,No,Electronic check,106.1,2847.4,Churn,No Churn,0.49822126612175194,Medium Risk
Male,No,Yes,No,61,Yes,Yes,DSL,No,Yes,Yes,No,Yes,Yes,One year,Yes,Electronic check,79.8,4914.8,No Churn,No Churn,0.27151524230764307,Low Risk
Female,No,Yes,Yes,72,Yes,Yes,No,No internet service,No internet service,No internet service,No internet service,No internet service,No internet service,Two year,No,Credit card (automatic),24.25,1784.5,No Churn,No Churn,0.016089124482631605,Low Risk
Female,No,Yes,No,10,Yes,No,No,No internet service,No internet service,No internet service,No internet service,No internet service,No internet service,One year,No,Mailed check,20.1,184.4,No Churn,No Churn,0.16731956369924317,Low Risk
Female,No,Yes,Yes,3,Yes,Yes,DSL,No,Yes,Yes,No,Yes,No,Month-to-month,Yes,Bank transfer (automatic),69.15,235.0,No Churn,Churn,0.6590971879745993,High Risk
Female,No,Yes,Yes,45,Yes,No,DSL,No,Yes,No,Yes,No,No,One year,Yes,Credit card (automatic),54.15,2319.8,Churn,No Churn,0.08704339558074546,Low Risk
Female,No,Yes,Yes,18,Yes,Yes,No,No internet service,No internet service,No internet service,No internet service,No internet service,No internet service,Two year,Yes,Credit card (automatic),24.65,471.35,No Churn,No Churn,0.09978722234240607,Low Risk
Male,Yes,Yes,No,49,Yes,No,DSL,No,Yes,No,No,No,No,Two year,No,Mailed check,49.8,2398.4,No Churn,No Churn,0.07092738320684286,Low Risk
Male,No,No,No,68,Yes,Yes,Fiber optic,Yes,Yes,Yes,No,Yes,No,One year,No,Bank transfer (automatic),101.35,7110.75,No Churn,No Churn,0.16566816166354695,Low Risk
Female,Yes,No,No,35,Yes,Yes,Fiber optic,Yes,Yes,Yes,Yes,Yes,Yes,One year,Yes,Bank transfer (automatic),110.8,3836.3,No Churn,No Churn,0.46920404584895536,Medium Risk
Female,No,No,No,1,No,No phone service,DSL,No,No,No,No,No,No,Month-to-month,No,Electronic check,24.6,24.6,Churn,Churn,0.7507148367643891,High Risk
Female,No,Yes,No,64,Yes,No,DSL,Yes,Yes,Yes,Yes,No,Yes,Two year,Yes,Mailed check,74.35,4759.55,No Churn,No Churn,0.03345787380129572,Low Risk
Male,No,Yes,Yes,72,Yes,Yes,DSL,Yes,Yes,Yes,Yes,Yes,Yes,Two year,No,Credit card (automatic),88.7,6501.35,No Churn,No Churn,0.02898618928078094,Low Risk
Male,No,No,No,39,Yes,Yes,Fiber optic,No,Yes,No,No,No,No,One year,No,Credit card (automatic),81.4,3213.75,No Churn,No Churn,0.35032191579278527,Medium Risk
Female,No,No,No,37,Yes,Yes,Fiber optic,No,No,Yes,No,Yes,Yes,Month-to-month,Yes,Electronic check,100.05,3810.55,No Churn,Churn,0.8342291768008029,High Risk
Male,No,Yes,Yes,51,Yes,Yes,No,No internet service,No internet service,No internet service,No internet service,No internet service,No internet service,Two year,Yes,Mailed check,24.95,1222.25,No Churn,No Churn,0.03936457843914615,Low Risk
Male,Yes,Yes,Yes,71,Yes,Yes,DSL,No,Yes,Yes,Yes,No,Yes,One year,Yes,Bank transfer (automatic),72.9,5139.65,No Churn,No Churn,0.08594195989614317,Low Risk
Male,No,Yes,Yes,69,Yes,Yes,Fiber optic,No,No,No,Yes,Yes,Yes,Two year,Yes,Electronic check,99.35,6856.45,No Churn,No Churn,0.18739411809140766,Low Risk
Male,No,Yes,Yes,33,Yes,No,DSL,Yes,No,Yes,No,Yes,Yes,One year,No,Credit card (automatic),74.75,2453.3,No Churn,No Churn,0.1802386706230982,Low Risk
Male,No,No,No,1,Yes,No,DSL,No,No,No,No,No,Yes,Month-to-month,No,Mailed check,55.55,55.55,No Churn,Churn,0.64550356555697,High Risk
Male,No,No,No,1,Yes,Yes,DSL,No,No,No,No,Yes,No,Month-to-month,Yes,Electronic check,59.85,59.85,Churn,Churn,0.8165920238300022,High Risk
Male,No,No,No,20,Yes,No,Fiber optic,Yes,Yes,Yes,Yes,Yes,Yes,Month-to-month,Yes,Bank transfer (automatic),108.2,2203.7,No Churn,Churn,0.6417393712414741,High Risk
Female,No,No,No,3,Yes,Yes,Fiber optic,No,No,No,No,No,No,Month-to-month,No,Bank transfer (automatic),74.4,215.8,Churn,Churn,0.796893562118685,High Risk
Female,No,No,Yes,21,No,No phone service,DSL,Yes,Yes,Yes,Yes,Yes,No,Two year,No,Mailed check,53.15,1183.2,No Churn,No Churn,0.12104425655801095,Low Risk
Male,No,Yes,No,72,Yes,Yes,Fiber optic,Yes,Yes,Yes,Yes,Yes,Yes,Two year,No,Bank transfer (automatic),115.15,8349.45,No Churn,No Churn,0.07841620457513553,Low Risk
Female,No,No,No,3,Yes,No,Fiber optic,No,No,No,No,Yes,Yes,Month-to-month,Yes,Electronic check,89.45,240.45,Churn,Churn,0.9102688262569181,High Risk
Male,No,No,No,5,Yes,No,DSL,No,No,Yes,Yes,Yes,No,Month-to-month,Yes,Credit card (automatic),63.95,318.1,No Churn,Churn,0.6078607961807435,High Risk
Male,No,No,Yes,53,Yes,No,DSL,Yes,Yes,No,Yes,No,No,One year,No,Credit card (automatic),62.85,3419.5,No Churn,No Churn,0.03798386258617315,Low Risk
Male,No,No,No,7,Yes,Yes,Fiber optic,No,No,Yes,No,Yes,Yes,Month-to-month,Yes,Bank transfer (automatic),98.05,713.0,Churn,Churn,0.8955937085110843,High Risk
Female,No,Yes,Yes,43,Yes,No,DSL,No,Yes,No,No,No,No,Month-to-month,No,Mailed check,50.2,2169.4,No Churn,No Churn,0.19813180490548432,Low Risk
Male,No,No,No,1,Yes,No,No,No internet service,No internet service,No internet service,No internet service,No internet service,No internet service,Month-to-month,Yes,Mailed check,19.9,19.9,No Churn,No Churn,0.43947346773949025,Medium Risk
Male,No,Yes,Yes,29,Yes,No,DSL,Yes,No,No,No,No,Yes,Month-to-month,Yes,Mailed check,60.2,1834.15,No Churn,No Churn,0.3366909880210575,Medium Risk
Male,No,No,No,29,Yes,No,No,No internet service,No internet service,No internet service,No internet service,No internet service,No internet service,One year,Yes,Mailed check,19.8,572.2,No Churn,No Churn,0.1308584213150119,Low Risk
Female,No,Yes,Yes,16,Yes,No,No,No internet service,No internet service,No internet service,No internet service,No internet service,No internet service,Month-to-month,No,Mailed check,19.35,275.9,No Churn,No Churn,0.2255624390526151,Low Risk
Male,No,No,No,38,Yes,No,Fiber optic,No,No,No,No,No,No,Month-to-month,Yes,Credit card (automatic),69.5,2625.25,No Churn,Churn,0.5734125475746417,Medium Risk
Male,No,Yes,Yes,37,Yes,No,No,No internet service,No internet service,No internet service,No internet service,No internet service,No internet service,One year,No,Credit card (automatic),19.8,677.05,No Churn,No Churn,0.06254060370404403,Low Risk
Male,No,No,No,13,Yes,Yes,Fiber optic,No,No,No,Yes,Yes,Yes,Month-to-month,Yes,Mailed check,99.0,1301.7,Churn,Churn,0.8420475396033985,High Risk
Male,No,Yes,Yes,5,Yes,No,Fiber optic,Yes,No,Yes,No,No,Yes,Month-to-month,Yes,Mailed check,90.35,434.5,No Churn,Churn,0.7313501511940667,High Risk
Female,No,Yes,Yes,47,Yes,No,No,No internet service,No internet service,No internet service,No internet service,No internet service,No internet service,Two year,No,Bank transfer (automatic),19.3,890.5,No Churn,No Churn,0.02356501130307602,Low Risk
Male,No,No,Yes,19,Yes,No,No,No internet service,No internet service,No internet service,No internet service,No internet service,No internet service,Two year,No,Credit card (automatic),20.85,467.5,No Churn,No Churn,0.05933490460773492,Low Risk
Female,No,Yes,Yes,12,Yes,No,DSL,No,No,Yes,No,Yes,No,Month-to-month,Yes,Credit card (automatic),58.35,740.55,No Churn,Churn,0.5706113569733642,Medium Risk
Male,No,Yes,Yes,68,Yes,Yes,Fiber optic,Yes,Yes,Yes,Yes,Yes,Yes,Two year,Yes,Electronic check,113.15,7856.0,Churn,No Churn,0.1307105756182228,Low Risk
Female,No,Yes,No,58,Yes,Yes,Fiber optic,Yes,Yes,Yes,No,Yes,Yes,One year,Yes,Credit card (automatic),110.65,6526.65,No Churn,No Churn,0.3256696683444422,Medium Risk
Male,No,No,No,66,Yes,Yes,No,No internet service,No internet service,No internet service,No internet service,No internet service,No internet service,One year,No,Bank transfer (automatic),25.45,1699.15,No Churn,No Churn,0.043695404096669964,Low Risk
Male,No,No,No,32,Yes,No,Fiber optic,Yes,Yes,Yes,No,No,Yes,Month-to-month,Yes,Credit card (automatic),93.4,2979.3,No Churn,Churn,0.5775236680316096,Medium Risk
Male,No,No,No,68,Yes,Yes,Fiber optic,Yes,Yes,Yes,Yes,Yes,Yes,One year,Yes,Credit card (automatic),117.2,8035.95,No Churn,No Churn,0.20617853710899026,Low Risk
Female,No,Yes,No,6,Yes,No,No,No internet service,No internet service,No internet service,No internet service,No internet service,No internet service,Month-to-month,No,Bank transfer (automatic),19.5,146.3,Churn,No Churn,0.3123639173770849,Medium Risk
Male,No,Yes,Yes,1,Yes,No,No,No internet service,No internet service,No internet service,No internet service,No internet service,No internet service,Month-to-month,No,Mailed check,19.2,19.2,No Churn,No Churn,0.3159159855155371,Medium Risk
Male,No,No,No,32,Yes,No,Fiber optic,No,No,No,No,Yes,Yes,Month-to-month,No,Electronic check,91.05,2871.5,No Churn,Churn,0.7592922094773377,High Risk
Female,No,Yes,Yes,11,Yes,No,No,No internet service,No internet service,No internet service,No internet service,No internet service,No internet service,Two year,No,Credit card (automatic),20.9,202.3,No Churn,No Churn,0.07179444795897502,Low Risk
Female,No,Yes,Yes,67,No,No phone service,DSL,Yes,Yes,No,No,No,No,Two year,No,Bank transfer (automatic),36.15,2434.45,No Churn,No Churn,0.026677146109352776,Low Risk
Female,Yes,Yes,No,56,Yes,Yes,Fiber optic,No,No,No,Yes,No,No,Month-to-month,Yes,Bank transfer (automatic),76.85,4275.75,No Churn,No Churn,0.45822738122219614,Medium Risk
Female,No,No,No,9,Yes,Yes,Fiber optic,No,No,No,No,Yes,Yes,Month-to-month,No,Electronic check,94.4,857.25,Churn,Churn,0.8993866085306027,High Risk
Male,No,Yes,No,70,Yes,Yes,DSL,No,Yes,Yes,Yes,Yes,No,Two year,No,Credit card (automatic),76.1,5264.25,No Churn,No Churn,0.04131225666333275,Low Risk
Female,No,Yes,No,61,Yes,Yes,No,No internet service,No internet service,No internet service,No internet service,No internet service,No internet service,Two year,No,Mailed check,24.4,1417.9,No Churn,No Churn,0.0291303849655701,Low Risk
Male,Yes,Yes,No,36,Yes,Yes,Fiber optic,No,No,No,No,No,Yes,Month-to-month,Yes,Electronic check,84.1,3021.6,Churn,Churn,0.8115851851550294,High Risk
Male,No,No,No,24,Yes,Yes,Fiber optic,No,Yes,No,No,Yes,Yes,Month-to-month,Yes,Bank transfer (automatic),99.65,2404.85,No Churn,Churn,0.8068681000662351,High Risk
Male,No,Yes,Yes,71,Yes,No,No,No internet service,No internet service,No internet service,No internet service,No internet service,No internet service,Two year,No,Credit card (automatic),19.7,1301.1,No Churn,No Churn,0.01211464885636305,Low Risk
Female,No,Yes,Yes,53,Yes,No,No,No internet service,No internet service,No internet service,No internet service,No internet service,No internet service,One year,No,Bank transfer (automatic),19.55,1007.9,No Churn,No Churn,0.03674578819953124,Low Risk
Male,No,No,No,9,Yes,No,DSL,No,No,No,No,No,No,Month-to-month,Yes,Mailed check,44.4,348.15,No Churn,Churn,0.5807528176137974,Medium Risk
Male,Yes,No,No,1,Yes,No,DSL,No,No,No,No,No,No,Month-to-month,No,Electronic check,44.0,44.0,No Churn,Churn,0.6980733634638281,High Risk
Male,No,Yes,Yes,6,Yes,No,DSL,No,Yes,Yes,No,No,No,Month-to-month,Yes,Mailed check,55.3,324.25,Churn,Churn,0.5089192665595902,Medium Risk
Female,No,No,Yes,2,Yes,No,No,No internet service,No internet service,No internet service,No internet service,No internet service,No internet service,Month-to-month,Yes,Electronic check,19.6,35.85,Churn,No Churn,0.4508968679223316,Medium Risk
Male,Yes,Yes,No,36,Yes,Yes,Fiber optic,No,No,No,No,No,Yes,Month-to-month,Yes,Credit card (automatic),85.25,3132.75,Churn,Churn,0.7517899019615651,High Risk
Male,No,No,Yes,1,Yes,No,No,No internet service,No internet service,No internet service,No internet service,No internet service,No internet service,Month-to-month,No,Mailed check,20.05,20.05,No Churn,No Churn,0.32386132482818863,Medium Risk
Male,No,No,No,34,Yes,No,No,No internet service,No internet service,No internet service,No internet service,No internet service,No internet service,Month-to-month,No,Mailed check,19.7,675.6,No Churn,No Churn,0.18074340381680043,Low Risk
Female,No,No,No,34,Yes,No,No,No internet service,No internet service,No internet service,No internet service,No internet service,No internet service,Month-to-month,No,Mailed check,20.35,673.2,No Churn,No Churn,0.1802078640788617,Low Risk
Female,No,Yes,Yes,23,Yes,Yes,No,No internet service,No internet service,No internet service,No internet service,No internet service,No internet service,Two year,Yes,Credit card (automatic),25.6,514.75,No Churn,No Churn,0.08592775008997583,Low Risk
Female,Yes,No,No,15,Yes,No,Fiber optic,No,No,No,No,Yes,Yes,Month-to-month,Yes,Electronic check,91.5,1400.3,No Churn,Churn,0.8935469029872184,High Risk
Male,No,Yes,Yes,47,Yes,No,Fiber optic,Yes,Yes,Yes,No,No,Yes,One year,Yes,Electronic check,96.1,4391.45,No Churn,No Churn,0.2863765555413146,Low Risk
Female,Yes,Yes,No,61,Yes,Yes,Fiber optic,Yes,Yes,Yes,Yes,No,No,Month-to-month,Yes,Credit card (automatic),94.2,5895.45,No Churn,No Churn,0.3212480879211075,Medium Risk
Female,Yes,No,No,1,Yes,Yes,Fiber optic,No,No,No,No,No,Yes,Month-to-month,Yes,Electronic check,85.05,85.05,Churn,Churn,0.9295196412636452,High Risk
Male,No,No,No,63,Yes,Yes,No,No internet service,No internet service,No internet service,No internet service,No internet service,No internet service,Two year,No,Mailed check,25.25,1559.3,No Churn,No Churn,0.028327536933207224,Low Risk
Male,No,No,No,3,Yes,No,Fiber optic,No,No,Yes,No,No,No,Month-to-month,Yes,Credit card (automatic),73.6,232.5,No Churn,Churn,0.8069752273998102,High Risk
Male,No,Yes,Yes,22,Yes,No,Fiber optic,Yes,No,No,No,No,No,Month-to-month,No,Bank transfer (automatic),75.0,1573.95,No Churn,No Churn,0.4479850326572521,Medium Risk
Male,No,Yes,Yes,25,Yes,Yes,No,No internet service,No internet service,No internet service,No internet service,No internet service,No internet service,Two year,No,Credit card (automatic),25.5,630.6,No Churn,No Churn,0.0641311591901001,Low Risk
Male,No,No,No,56,Yes,No,DSL,No,Yes,No,Yes,Yes,Yes,One year,Yes,Bank transfer (automatic),75.75,4284.65,No Churn,No Churn,0.13011924559242966,Low Risk
Female,No,Yes,No,1,No,No phone service,DSL,No,No,No,No,No,Yes,Month-to-month,No,Electronic check,35.0,35.0,No Churn,Churn,0.7930427900749148,High Risk
Female,No,No,No,2,Yes,No,Fiber optic,No,No,Yes,No,No,No,Month-to-month,Yes,Electronic check,75.8,160.75,Churn,Churn,0.8556912494435628,High Risk
Male,No,No,No,3,Yes,Yes,Fiber optic,No,Yes,Yes,No,Yes,Yes,Month-to-month,Yes,Bank transfer (automatic),105.35,323.25,Churn,Churn,0.8923281598742835,High Risk
Female,No,Yes,Yes,72,Yes,Yes,DSL,Yes,Yes,No,Yes,No,No,Two year,No,Credit card (automatic),66.75,4760.3,No Churn,No Churn,0.015008180716931725,Low Risk
Female,No,No,No,13,No,No phone service,DSL,No,No,No,No,No,No,Month-to-month,Yes,Electronic check,23.9,300.8,Churn,Churn,0.7294542531564342,High Risk
Male,No,Yes,Yes,35,Yes,No,Fiber optic,No,Yes,No,Yes,Yes,No,One year,Yes,Electronic check,89.7,3165.6,No Churn,No Churn,0.37524984363875596,Medium Risk
Male,Yes,No,No,45,Yes,Yes,Fiber optic,No,No,No,No,Yes,Yes,Month-to-month,Yes,Bank transfer (automatic),93.9,4200.25,No Churn,Churn,0.7551121341085523,High Risk
Male,No,Yes,No,1,Yes,No,Fiber optic,No,No,Yes,No,No,No,Month-to-month,No,Credit card (automatic),75.35,75.35,No Churn,Churn,0.7640299637591251,High Risk
Female,No,Yes,Yes,48,Yes,Yes,Fiber optic,Yes,Yes,No,No,Yes,Yes,Month-to-month,Yes,Credit card (automatic),105.25,4997.5,No Churn,Churn,0.5221064080281218,Medium Risk
Female,No,Yes,Yes,24,Yes,No,No,No internet service,No internet service,No internet service,No internet service,No internet service,No internet service,Two year,No,Mailed check,19.7,452.55,No Churn,No Churn,0.05130784687406057,Low Risk
Male,Yes,No,No,68,Yes,Yes,Fiber optic,No,Yes,Yes,No,No,Yes,Month-to-month,Yes,Electronic check,95.9,6503.2,No Churn,Churn,0.6013849551782292,High Risk
Male,No,No,No,6,Yes,No,Fiber optic,No,No,No,No,Yes,No,Month-to-month,Yes,Credit card (automatic),80.5,463.05,Churn,Churn,0.828978618256391,High Risk
Male,No,Yes,Yes,72,Yes,Yes,Fiber optic,Yes,Yes,Yes,Yes,Yes,Yes,Two year,No,Bank transfer (automatic),114.45,8100.55,No Churn,No Churn,0.06324099033466851,Low Risk
Female,No,No,No,20,No,No phone service,DSL,No,No,No,No,No,No,Month-to-month,No,Credit card (automatic),24.9,505.95,No Churn,Churn,0.5432421714496019,Medium Risk
Male,No,Yes,No,24,Yes,No,No,No internet service,No internet service,No internet service,No internet service,No internet service,No internet service,Two year,No,Mailed check,19.75,483.15,No Churn,No Churn,0.06403132920131331,Low Risk
Female,No,No,No,33,Yes,Yes,Fiber optic,No,Yes,No,No,Yes,Yes,Month-to-month,Yes,Electronic check,100.0,3320.6,No Churn,Churn,0.8267507956440058,High Risk
Male,No,Yes,No,10,Yes,No,Fiber optic,No,No,No,No,No,No,Month-to-month,Yes,Electronic check,70.3,738.2,Churn,Churn,0.8091348579256357,High Risk
Female,No,No,No,46,Yes,Yes,Fiber optic,No,No,No,No,Yes,Yes,Month-to-month,No,Bank transfer (automatic),96.05,4399.5,Churn,Churn,0.6500911520375512,High Risk
Male,No,Yes,Yes,72,No,No phone service,DSL,Yes,Yes,Yes,Yes,No,No,Two year,No,Credit card (automatic),45.25,3139.8,No Churn,No Churn,0.018607620915347525,Low Risk
Female,Yes,No,No,1,No,No phone service,DSL,No,No,No,No,No,No,Month-to-month,No,Mailed check,25.05,25.05,Churn,Churn,0.7294126796661966,High Risk
Male,No,No,No,4,Yes,No,Fiber optic,No,No,Yes,Yes,No,Yes,Month-to-month,Yes,Electronic check,90.4,356.65,No Churn,Churn,0.8420429079840889,High Risk
Female,No,No,No,2,Yes,No,Fiber optic,No,No,No,No,No,No,Month-to-month,No,Bank transfer (automatic),70.0,153.05,Churn,Churn,0.7467117332890416,High Risk
Male,Yes,Yes,No,16,Yes,No,Fiber optic,No,Yes,No,No,No,No,Month-to-month,Yes,Credit card (automatic),74.3,1178.25,Churn,Churn,0.7314706880251018,High Risk
Male,Yes,No,No,67,Yes,Yes,Fiber optic,Yes,Yes,Yes,Yes,Yes,Yes,Two year,Yes,Credit card (automatic),116.1,7839.85,No Churn,No Churn,0.14839292661116224,Low Risk
Male,No,No,No,38,Yes,No,Fiber optic,No,No,No,No,No,No,One year,Yes,Bank transfer (automatic),70.45,2597.6,Churn,No Churn,0.36042561010277463,Medium Risk
Male,No,Yes,No,72,Yes,Yes,Fiber optic,Yes,Yes,Yes,Yes,Yes,Yes,Two year,No,Credit card (automatic),114.45,8375.05,No Churn,No Churn,0.08434450286831417,Low Risk
Female,No,Yes,Yes,7,Yes,No,DSL,Yes,No,No,No,No,No,Month-to-month,No,Mailed check,50.7,350.35,No Churn,No Churn,0.367154419339056,Medium Risk
Male,Yes,Yes,No,54,Yes,Yes,Fiber optic,No,No,Yes,No,Yes,Yes,Month-to-month,Yes,Credit card (automatic),99.05,5295.7,No Churn,Churn,0.7144395724252769,High Risk
Female,No,No,No,1,Yes,No,Fiber optic,No,No,No,No,No,No,Month-to-month,No,Electronic check,68.65,68.65,Churn,Churn,0.8231682885026652,High Risk
Male,No,No,No,24,Yes,Yes,DSL,Yes,No,No,No,No,No,Month-to-month,Yes,Bank transfer (automatic),55.65,1400.55,Churn,No Churn,0.4190788353506532,Medium Risk
Male,No,Yes,Yes,36,Yes,Yes,No,No internet service,No internet service,No internet service,No internet service,No internet service,No internet service,Two year,No,Credit card (automatic),25.1,930.95,No Churn,No Churn,0.046728754907542136,Low Risk
Male,Yes,Yes,No,27,Yes,Yes,Fiber optic,No,Yes,Yes,No,No,Yes,Month-to-month,Yes,Electronic check,95.55,2510.2,Churn,Churn,0.8367598130441029,High Risk
Male,No,Yes,Yes,35,Yes,No,No,No internet service,No internet service,No internet service,No internet service,No internet service,No internet service,Two year,No,Mailed check,19.6,686.95,No Churn,No Churn,0.036999792849303506,Low Risk
Male,No,No,No,13,Yes,No,Fiber optic,No,No,No,No,No,Yes,Month-to-month,Yes,Electronic check,80.85,1008.7,Churn,Churn,0.8432990834555936,High Risk
Male,No,No,No,3,Yes,No,DSL,No,No,No,Yes,Yes,Yes,Month-to-month,Yes,Electronic check,69.35,191.35,Churn,Churn,0.7468005802965865,High Risk
Female,No,Yes,Yes,40,Yes,Yes,No,No internet service,No internet service,No internet service,No internet service,No internet service,No internet service,Month-to-month,Yes,Electronic check,26.2,1077.5,No Churn,No Churn,0.245411722184354,Low Risk
Female,No,No,No,57,Yes,Yes,Fiber optic,Yes,Yes,No,Yes,No,No,Month-to-month,Yes,Bank transfer (automatic),87.55,4884.85,No Churn,No Churn,0.2931245042774913,Low Risk
Female,No,Yes,Yes,64,Yes,Yes,DSL,No,Yes,No,No,No,No,One year,Yes,Bank transfer (automatic),53.85,3399.85,No Churn,No Churn,0.08644185737902771,Low Risk
Male,No,No,No,18,Yes,Yes,Fiber optic,No,No,Yes,No,No,Yes,Month-to-month,Yes,Credit card (automatic),90.7,1597.25,Churn,Churn,0.8242929041945799,High Risk
Male,No,Yes,Yes,38,Yes,Yes,DSL,Yes,No,Yes,Yes,Yes,Yes,Two year,Yes,Bank transfer (automatic),85.4,3297.0,No Churn,No Churn,0.1026198382676637,Low Risk
Female,Yes,Yes,Yes,1,Yes,No,Fiber optic,No,No,No,No,No,No,Month-to-month,Yes,Electronic check,69.25,69.25,Churn,Churn,0.8457610043185082,High Risk
Male,No,No,No,4,Yes,No,Fiber optic,No,No,No,No,Yes,No,Month-to-month,No,Electronic check,77.85,299.2,Churn,Churn,0.8528270503878101,High Risk
Male,No,No,No,1,Yes,No,DSL,Yes,No,No,Yes,No,No,Month-to-month,Yes,Electronic check,53.95,53.95,Churn,Churn,0.5414164226928633,Medium Risk
Male,No,No,No,10,Yes,Yes,DSL,No,No,No,No,Yes,Yes,Month-to-month,Yes,Credit card (automatic),72.15,794.25,Churn,Churn,0.758068280095915,High Risk
Female,No,No,No,20,Yes,No,Fiber optic,Yes,No,Yes,No,Yes,No,Month-to-month,Yes,Bank transfer (automatic),89.4,1871.15,No Churn,Churn,0.6794364499071165,High Risk
Female,No,Yes,No,69,Yes,Yes,Fiber optic,No,Yes,Yes,No,No,No,Month-to-month,Yes,Bank transfer (automatic),85.4,5869.4,No Churn,No Churn,0.3630124551803558,Medium Risk
Female,Yes,Yes,No,34,Yes,Yes,Fiber optic,No,Yes,Yes,No,No,Yes,Month-to-month,Yes,Electronic check,94.25,3217.55,Churn,Churn,0.807881341956335,High Risk
Female,No,No,Yes,1,Yes,No,DSL,No,No,No,No,No,No,Month-to-month,No,Mailed check,45.95,45.95,Churn,Churn,0.5169948564792985,Medium Risk
Female,No,No,No,7,Yes,No,No,No internet service,No internet service,No internet service,No internet service,No internet service,No internet service,Month-to-month,No,Mailed check,20.35,150.6,No Churn,No Churn,0.3358595448649992,Medium Risk
Female,No,No,No,7,No,No phone service,DSL,No,No,No,No,No,No,Month-to-month,No,Bank transfer (automatic),25.05,189.95,No Churn,Churn,0.6227659292000938,High Risk
Male,No,Yes,Yes,71,Yes,Yes,DSL,Yes,Yes,Yes,Yes,Yes,Yes,Two year,Yes,Mailed check,91.25,6589.6,No Churn,No Churn,0.03816529704214122,Low Risk
Female,No,Yes,No,64,Yes,No,Fiber optic,Yes,No,Yes,No,Yes,Yes,Two year,Yes,Bank transfer (automatic),99.0,6375.8,No Churn,No Churn,0.14311071657372207,Low Risk
Female,No,Yes,No,23,Yes,No,DSL,No,No,Yes,Yes,No,No,Month-to-month,No,Electronic check,54.25,1221.55,No Churn,No Churn,0.4057435247958026,Medium Risk
Male,No,No,No,41,Yes,No,No,No internet service,No internet service,No internet service,No internet service,No internet service,No internet service,Two year,No,Mailed check,20.15,802.35,No Churn,No Churn,0.040493770154168475,Low Risk
Male,No,Yes,No,70,Yes,Yes,No,No internet service,No internet service,No internet service,No internet service,No internet service,No internet service,Two year,No,Bank transfer (automatic),24.25,1724.15,No Churn,No Churn,0.02008153580498174,Low Risk
Male,No,Yes,Yes,56,Yes,Yes,Fiber optic,No,Yes,No,Yes,Yes,No,Month-to-month,Yes,Credit card (automatic),96.95,5432.2,No Churn,No Churn,0.39535518795755575,Medium Risk
Female,No,No,No,15,Yes,No,Fiber optic,Yes,No,No,No,Yes,No,Month-to-month,No,Electronic check,86.2,1270.2,Churn,Churn,0.7310280884133324,High Risk
Male,Yes,Yes,No,72,Yes,Yes,DSL,No,No,Yes,No,Yes,Yes,Two year,Yes,Credit card (automatic),73.45,5329.0,No Churn,No Churn,0.12339849086068298,Low Risk
Male,Yes,No,No,9,Yes,Yes,Fiber optic,No,No,No,No,No,Yes,Month-to-month,Yes,Credit card (automatic),84.4,732.5,Churn,Churn,0.8804480087541394,High Risk
Male,No,No,No,13,Yes,No,Fiber optic,No,No,No,No,No,No,Month-to-month,Yes,Electronic check,70.15,931.75,No Churn,Churn,0.8020934033699587,High Risk
Female,No,Yes,No,34,Yes,Yes,No,No internet service,No internet service,No internet service,No internet service,No internet service,No internet service,Month-to-month,No,Electronic check,24.7,780.2,No Churn,No Churn,0.2820613399233042,Low Risk
Male,No,No,No,1,Yes,No,No,No internet service,No internet service,No internet service,No internet service,No internet service,No internet service,Month-to-month,No,Credit card (automatic),19.3,19.3,No Churn,No Churn,0.3731667990347015,Medium Risk
Male,No,No,No,22,Yes,No,No,No internet service,No internet service,No internet service,No internet service,No internet service,No internet service,One year,No,Credit card (automatic),20.3,467.15,No Churn,No Churn,0.12293389613631571,Low Risk
Male,Yes,Yes,No,1,Yes,Yes,Fiber optic,No,No,No,No,Yes,Yes,Month-to-month,Yes,Electronic check,95.1,95.1,Churn,Churn,0.9445659830968833,High Risk
Male,Yes,No,No,18,Yes,Yes,DSL,Yes,Yes,No,No,No,No,Month-to-month,Yes,Credit card (automatic),58.4,964.9,No Churn,Churn,0.5065678180389396,Medium Risk
Female,No,No,No,7,Yes,Yes,Fiber optic,Yes,No,No,No,No,No,Month-to-month,Yes,Mailed check,79.65,604.7,Churn,Churn,0.7703406255508393,High Risk
Male,No,No,No,1,Yes,No,No,No internet service,No internet service,No internet service,No internet service,No internet service,No internet service,Month-to-month,No,Mailed check,19.45,19.45,No Churn,No Churn,0.37983055280380057,Medium Risk
Female,No,Yes,No,71,Yes,Yes,No,No internet service,No internet service,No internet service,No internet service,No internet service,No internet service,Two year,No,Bank transfer (automatic),25.0,1753.0,No Churn,No Churn,0.019393096138735112,Low Risk
Female,No,No,No,12,Yes,Yes,DSL,Yes,No,Yes,Yes,No,No,Month-to-month,Yes,Mailed check,61.65,713.75,Churn,No Churn,0.4752911102231067,Medium Risk
Male,No,Yes,No,46,No,No phone service,DSL,Yes,No,Yes,Yes,No,No,Two year,No,Credit card (automatic),40.4,1842.7,No Churn,No Churn,0.05769160621889426,Low Risk
Male,Yes,Yes,No,53,Yes,Yes,Fiber optic,No,Yes,No,No,Yes,Yes,Month-to-month,Yes,Electronic check,101.9,5549.4,Churn,Churn,0.7462344437064079,High Risk
Male,No,Yes,Yes,67,Yes,No,DSL,Yes,Yes,Yes,No,Yes,Yes,Two year,No,Credit card (automatic),81.35,5398.6,No Churn,No Churn,0.033577147443222655,Low Risk
Female,No,Yes,No,33,Yes,Yes,Fiber optic,No,No,Yes,Yes,No,Yes,Month-to-month,Yes,Credit card (automatic),95.0,3008.15,No Churn,Churn,0.6707010144112723,High Risk
Female,No,Yes,Yes,5,Yes,No,Fiber optic,No,No,No,No,No,No,Month-to-month,No,Credit card (automatic),69.95,320.4,No Churn,Churn,0.684731660626116,High Risk
Male,Yes,No,No,71,Yes,Yes,No,No internet service,No internet service,No internet service,No internet service,No internet service,No internet service,Two year,Yes,Mailed check,24.65,1766.75,No Churn,No Churn,0.034895951691848844,Low Risk
Female,No,No,No,8,Yes,No,DSL,No,No,No,No,No,No,Month-to-month,No,Mailed check,44.45,369.3,No Churn,Churn,0.5269225703636162,Medium Risk
Female,Yes,No,No,45,Yes,Yes,Fiber optic,No,No,Yes,No,Yes,Yes,One year,Yes,Bank transfer (automatic),100.15,4459.8,No Churn,Churn,0.5922590957616859,Medium Risk
Female,No,Yes,Yes,70,No,No phone service,DSL,No,Yes,Yes,Yes,Yes,Yes,One year,Yes,Bank transfer (automatic),58.4,4113.15,No Churn,No Churn,0.11187375676115414,Low Risk
Female,No,Yes,Yes,19,Yes,Yes,Fiber optic,No,No,No,Yes,No,Yes,One year,Yes,Bank transfer (automatic),89.35,1686.85,No Churn,Churn,0.5019735105096285,Medium Risk
Female,No,No,No,2,Yes,No,Fiber optic,No,No,No,No,No,No,Month-to-month,Yes,Electronic check,70.95,137.95,Churn,Churn,0.8498690029465161,High Risk
Female,No,No,No,5,Yes,Yes,Fiber optic,No,No,Yes,Yes,No,No,Month-to-month,Yes,Electronic check,82.75,417.75,No Churn,Churn,0.8447934578697853,High Risk
Female,No,Yes,Yes,46,Yes,Yes,No,No internet service,No internet service,No internet service,No internet service,No internet service,No internet service,One year,No,Mailed check,24.95,1165.9,No Churn,No Churn,0.06641848490055913,Low Risk
Female,No,No,No,4,Yes,No,DSL,No,Yes,No,No,No,No,Month-to-month,No,Credit card (automatic),50.7,151.3,Churn,Churn,0.513728726116509,Medium Risk
Male,Yes,Yes,No,2,Yes,Yes,Fiber optic,No,No,No,No,Yes,No,Month-to-month,Yes,Mailed check,86.85,156.35,Churn,Churn,0.8988584794000444,High Risk
Male,No,Yes,Yes,43,No,No phone service,DSL,No,Yes,No,No,No,No,Month-to-month,No,Credit card (automatic),29.3,1224.05,No Churn,No Churn,0.27873543855866,Low Risk
Male,No,No,No,4,Yes,No,DSL,No,No,No,No,No,No,Month-to-month,No,Mailed check,44.55,220.75,No Churn,Churn,0.556392261179928,Medium Risk
Male,No,Yes,Yes,59,Yes,No,DSL,No,Yes,Yes,Yes,Yes,Yes,One year,No,Credit card (automatic),76.75,4541.9,No Churn,No Churn,0.08557360486394494,Low Risk
Male,No,No,No,1,Yes,No,No,No internet service,No internet service,No internet service,No internet service,No internet service,No internet service,Month-to-month,No,Mailed check,20.15,20.15,Churn,No Churn,0.37800513803926306,Medium Risk
Male,No,Yes,Yes,36,Yes,No,DSL,Yes,No,Yes,No,No,Yes,One year,Yes,Credit card (automatic),63.7,2188.5,No Churn,No Churn,0.16111068670241732,Low Risk
Female,No,No,No,22,Yes,No,DSL,Yes,No,No,No,No,No,Month-to-month,Yes,Electronic check,49.8,1049.05,No Churn,No Churn,0.4623476472253122,Medium Risk
Male,No,Yes,No,67,Yes,No,Fiber optic,Yes,Yes,No,No,Yes,Yes,One year,Yes,Credit card (automatic),100.9,6733.15,No Churn,No Churn,0.20315865706141928,Low Risk
Male,No,Yes,No,3,No,No phone service,DSL,No,No,No,Yes,No,No,Month-to-month,Yes,Electronic check,29.9,92.25,No Churn,Churn,0.7115512161357385,High Risk
Female,No,No,No,7,Yes,No,DSL,Yes,No,No,No,No,Yes,One year,Yes,Electronic check,59.1,369.25,No Churn,No Churn,0.4560693874093198,Medium Risk
Male,No,No,No,2,Yes,No,Fiber optic,No,No,No,No,Yes,No,Month-to-month,No,Electronic check,79.0,143.65,Churn,Churn,0.8588679826411595,High Risk
Male,No,No,No,2,Yes,No,No,No internet service,No internet service,No internet service,No internet service,No internet service,No internet service,Month-to-month,No,Mailed check,20.25,36.8,No Churn,No Churn,0.3705194233835033,Medium Risk
Male,No,Yes,Yes,50,Yes,No,No,No internet service,No internet service,No internet service,No internet service,No internet service,No internet service,One year,Yes,Mailed check,20.35,938.95,No Churn,No Churn,0.05558833565575078,Low Risk
Female,Yes,Yes,No,47,Yes,Yes,DSL,Yes,Yes,Yes,No,No,No,Month-to-month,Yes,Credit card (automatic),67.45,3252.0,No Churn,No Churn,0.28677523660701554,Low Risk
Male,No,No,No,25,Yes,Yes,DSL,Yes,Yes,Yes,Yes,No,Yes,Month-to-month,No,Bank transfer (automatic),81.75,2028.8,No Churn,No Churn,0.31977304213209023,Medium Risk
Female,No,No,Yes,46,Yes,No,Fiber optic,Yes,Yes,No,Yes,Yes,Yes,One year,Yes,Bank transfer (automatic),105.2,4822.85,Churn,No Churn,0.2126494611367374,Low Risk
Male,Yes,Yes,No,13,Yes,No,Fiber optic,No,Yes,No,Yes,No,Yes,Month-to-month,Yes,Bank transfer (automatic),89.05,1169.35,Churn,Churn,0.7271635061264038,High Risk
Female,Yes,Yes,No,72,Yes,Yes,Fiber optic,No,Yes,Yes,No,Yes,Yes,One year,No,Credit card (automatic),105.0,7578.05,No Churn,No Churn,0.3064269739999812,Medium Risk
Male,No,No,No,46,Yes,No,DSL,No,No,No,No,No,No,Month-to-month,Yes,Credit card (automatic),45.2,2065.15,No Churn,No Churn,0.29843550815326136,Low Risk
Male,No,Yes,No,70,Yes,No,No,No internet service,No internet service,No internet service,No internet service,No internet service,No internet service,Two year,No,Credit card (automatic),19.85,1433.8,No Churn,No Churn,0.01578491726033659,Low Risk
Female,Yes,No,No,37,Yes,Yes,Fiber optic,No,No,No,No,No,No,Month-to-month,Yes,Electronic check,76.25,2841.55,Churn,Churn,0.7620361628219027,High Risk
Male,No,No,No,22,Yes,Yes,Fiber optic,Yes,No,No,No,Yes,Yes,Month-to-month,Yes,Bank transfer (automatic),101.35,2317.1,Churn,Churn,0.7722253166590582,High Risk
Female,No,Yes,Yes,36,Yes,Yes,Fiber optic,No,Yes,Yes,No,Yes,No,Month-to-month,Yes,Bank transfer (automatic),97.35,3457.9,Churn,Churn,0.6228043094597219,High Risk
Female,No,No,No,5,Yes,No,Fiber optic,No,No,No,Yes,No,Yes,Month-to-month,Yes,Credit card (automatic),85.4,425.9,Churn,Churn,0.7793864792843134,High Risk
Female,No,No,No,68,Yes,No,DSL,Yes,No,Yes,No,No,No,One year,Yes,Credit card (automatic),54.45,3674.95,No Churn,No Churn,0.06609123752976215,Low Risk
Female,No,Yes,Yes,71,Yes,Yes,Fiber optic,Yes,Yes,Yes,Yes,No,No,One year,Yes,Credit card (automatic),95.15,6770.85,No Churn,No Churn,0.09136503364924138,Low Risk
Female,No,Yes,No,58,Yes,Yes,DSL,Yes,No,No,Yes,No,Yes,One year,Yes,Electronic check,68.4,3972.25,No Churn,No Churn,0.14004547086102898,Low Risk
Male,Yes,No,No,35,Yes,Yes,Fiber optic,No,No,No,No,Yes,Yes,Month-to-month,Yes,Electronic check,95.45,3474.05,Churn,Churn,0.861577673688067,High Risk
Male,Yes,Yes,No,24,Yes,Yes,Fiber optic,Yes,No,No,No,No,No,Month-to-month,Yes,Electronic check,78.85,1772.25,Churn,Churn,0.7609601878398436,High Risk
Female,No,No,No,1,Yes,No,No,No internet service,No internet service,No internet service,No internet service,No internet service,No internet service,Month-to-month,No,Mailed check,20.5,20.5,No Churn,No Churn,0.37793539858236824,Medium Risk
Male,No,No,No,51,Yes,No,No,No internet service,No internet service,No internet service,No internet service,No internet service,No internet service,Two year,No,Mailed check,20.45,1042.65,No Churn,No Churn,0.029968986364409332,Low Risk
Male,No,No,No,20,Yes,Yes,Fiber optic,No,No,No,Yes,Yes,Yes,Month-to-month,Yes,Mailed check,98.55,2031.95,No Churn,Churn,0.8119192745117438,High Risk
Male,No,Yes,Yes,55,Yes,No,DSL,Yes,Yes,No,Yes,No,No,Two year,No,Bank transfer (automatic),57.55,3046.4,Churn,No Churn,0.018019168370518823,Low Risk
Male,No,No,No,54,Yes,Yes,Fiber optic,No,No,Yes,No,No,Yes,Month-to-month,No,Credit card (automatic),89.4,4869.5,No Churn,Churn,0.5491670088266537,Medium Risk
Female,No,Yes,Yes,62,Yes,No,DSL,Yes,No,Yes,No,No,No,One year,No,Credit card (automatic),54.75,3425.35,No Churn,No Churn,0.0472641101105698,Low Risk
Male,No,No,No,9,No,No phone service,DSL,No,No,No,No,Yes,No,Month-to-month,Yes,Credit card (automatic),34.7,296.1,Churn,Churn,0.7445384013266724,High Risk
Female,No,Yes,Yes,71,Yes,Yes,Fiber optic,Yes,Yes,Yes,Yes,Yes,Yes,Two year,No,Bank transfer (automatic),114.6,8100.25,No Churn,No Churn,0.06521074531994185,Low Risk
Male,No,No,No,65,Yes,Yes,Fiber optic,Yes,No,No,Yes,No,Yes,One year,No,Electronic check,93.55,6069.25,No Churn,No Churn,0.20648657219155184,Low Risk
Female,No,Yes,Yes,23,Yes,Yes,Fiber optic,Yes,No,No,No,No,No,One year,No,Credit card (automatic),81.85,1810.85,No Churn,No Churn,0.3402527098926273,Medium Risk
Female,No,No,No,45,Yes,Yes,Fiber optic,Yes,Yes,No,No,No,Yes,One year,No,Bank transfer (automatic),96.75,4442.75,No Churn,No Churn,0.275385627052531,Low Risk
Male,No,No,No,69,Yes,No,No,No internet service,No internet service,No internet service,No internet service,No internet service,No internet service,Two year,Yes,Bank transfer (automatic),19.3,1447.9,No Churn,No Churn,0.02044181215321317,Low Risk
Male,Yes,No,No,16,Yes,No,Fiber optic,No,No,No,No,No,No,Month-to-month,No,Electronic check,69.65,1043.3,No Churn,Churn,0.7797168232548908,High Risk
Female,No,Yes,Yes,66,Yes,No,DSL,Yes,Yes,No,Yes,No,No,Two year,Yes,Credit card (automatic),58.2,3810.8,No Churn,No Churn,0.017677048658693434,Low Risk
Male,No,No,No,4,Yes,Yes,Fiber optic,Yes,No,No,No,Yes,No,Month-to-month,No,Electronic check,90.65,367.95,No Churn,Churn,0.8391386753866616,High Risk
Male,Yes,Yes,No,29,Yes,No,Fiber optic,Yes,No,Yes,No,No,Yes,One year,No,Bank transfer (automatic),90.1,2656.7,No Churn,No Churn,0.39308609802440475,Medium Risk
Female,Yes,No,No,50,Yes,Yes,Fiber optic,No,Yes,No,Yes,Yes,Yes,One year,Yes,Electronic check,106.8,5347.95,No Churn,Churn,0.5244141729677201,Medium Risk
Female,No,Yes,Yes,17,Yes,No,Fiber optic,No,No,Yes,Yes,Yes,Yes,One year,No,Bank transfer (automatic),98.6,1704.95,Churn,No Churn,0.46677607229615126,Medium Risk
Female,No,No,Yes,65,No,No phone service,DSL,No,Yes,No,Yes,Yes,No,Two year,No,Mailed check,45.25,2933.95,No Churn,No Churn,0.04634726465548079,Low Risk
Male,No,Yes,No,72,Yes,Yes,No,No internet service,No internet service,No internet service,No internet service,No internet service,No internet service,Two year,No,Credit card (automatic),25.85,1872.2,No Churn,No Churn,0.01992730512442123,Low Risk
Female,No,No,No,2,Yes,No,Fiber optic,No,No,No,No,No,No,Month-to-month,No,Bank transfer (automatic),69.75,144.55,Churn,Churn,0.7472353109579519,High Risk
Male,No,Yes,Yes,54,Yes,No,No,No internet service,No internet service,No internet service,No internet service,No internet service,No internet service,Two year,No,Credit card (automatic),20.4,1090.6,No Churn,No Churn,0.020147167555778053,Low Risk
Male,No,No,No,1,Yes,No,Fiber optic,No,No,No,No,No,No,Month-to-month,Yes,Electronic check,69.9,69.9,Churn,Churn,0.8547663302062675,High Risk
Female,No,No,No,15,Yes,Yes,DSL,No,No,No,No,No,No,Month-to-month,Yes,Mailed check,48.8,720.1,No Churn,Churn,0.6132516436587714,High Risk
Female,No,Yes,Yes,57,Yes,No,DSL,Yes,No,No,No,Yes,Yes,One year,Yes,Bank transfer (automatic),70.1,3913.3,Churn,No Churn,0.10717420075895426,Low Risk
Female,No,Yes,No,6,Yes,Yes,DSL,No,No,No,No,No,No,Month-to-month,No,Electronic check,50.35,314.55,No Churn,Churn,0.6754662417292204,High Risk
Male,No,Yes,Yes,34,Yes,Yes,DSL,No,No,Yes,No,Yes,Yes,One year,No,Bank transfer (automatic),77.2,2753.8,No Churn,No Churn,0.27885941969962175,Low Risk
Male,No,No,No,10,No,No phone service,DSL,No,No,No,No,No,Yes,Month-to-month,Yes,Mailed check,33.9,298.45,Churn,Churn,0.74322233329573,High Risk
Male,Yes,Yes,No,55,Yes,Yes,Fiber optic,No,Yes,Yes,Yes,Yes,Yes,Two year,Yes,Electronic check,113.6,6292.7,No Churn,No Churn,0.3258395195404914,Medium Risk
Male,No,No,No,38,Yes,No,DSL,No,No,Yes,Yes,No,Yes,One year,Yes,Mailed check,62.3,2354.8,Churn,No Churn,0.2085336491051833,Low Risk
Female,No,No,No,5,Yes,No,No,No internet service,No internet service,No internet service,No internet service,No internet service,No internet service,Month-to-month,Yes,Credit card (automatic),19.65,92.05,No Churn,No Churn,0.4036149906807018,Medium Risk
Male,Yes,Yes,No,63,No,No phone service,DSL,Yes,No,No,Yes,No,No,One year,No,Bank transfer (automatic),36.1,2298.9,No Churn,No Churn,0.06962234150207429,Low Risk
Female,No,No,No,3,Yes,No,Fiber optic,No,Yes,No,No,Yes,Yes,Month-to-month,No,Electronic check,95.4,293.15,No Churn,Churn,0.8723665345631043,High Risk
Female,No,Yes,No,67,Yes,Yes,Fiber optic,No,Yes,Yes,No,Yes,Yes,One year,Yes,Bank transfer (automatic),105.7,6816.95,No Churn,No Churn,0.33324554557034314,Medium Risk
Male,No,Yes,No,3,Yes,No,No,No internet service,No internet service,No internet service,No internet service,No internet service,No internet service,Month-to-month,No,Bank transfer (automatic),20.0,49.65,No Churn,No Churn,0.3305625475633353,Medium Risk
Male,No,No,No,1,Yes,Yes,DSL,No,No,No,No,No,No,Month-to-month,No,Mailed check,50.75,50.75,No Churn,Churn,0.6492753543317964,High Risk
Male,No,No,No,1,Yes,No,No,No internet service,No internet service,No internet service,No internet service,No internet service,No internet service,Month-to-month,No,Mailed check,19.65,19.65,No Churn,No Churn,0.37930865618174325,Medium Risk
Female,No,Yes,Yes,13,Yes,No,DSL,No,No,No,No,No,Yes,Month-to-month,No,Electronic check,55.95,734.35,Churn,Churn,0.5627819229128775,Medium Risk
Male,No,Yes,Yes,25,Yes,No,No,No internet service,No internet service,No internet service,No internet service,No internet service,No internet service,Month-to-month,Yes,Mailed check,19.15,477.6,No Churn,No Churn,0.22085961432887727,Low Risk
Male,No,Yes,No,51,Yes,Yes,Fiber optic,No,Yes,Yes,No,Yes,Yes,One year,Yes,Bank transfer (automatic),106.8,5498.8,No Churn,No Churn,0.44630767057727416,Medium Risk
Female,No,No,No,1,Yes,No,Fiber optic,Yes,No,No,No,No,No,Month-to-month,No,Mailed check,75.3,75.3,Churn,Churn,0.6955449037553364,High Risk
Male,No,Yes,No,68,Yes,No,Fiber optic,No,Yes,No,Yes,Yes,Yes,One year,Yes,Electronic check,100.3,6754.35,No Churn,No Churn,0.2681138338559954,Low Risk
Male,No,Yes,Yes,44,No,No phone service,DSL,Yes,Yes,Yes,Yes,No,Yes,Two year,Yes,Credit card (automatic),54.05,2375.2,No Churn,No Churn,0.0727736338039895,Low Risk
Male,No,No,No,8,Yes,Yes,Fiber optic,No,No,No,No,No,No,Month-to-month,Yes,Electronic check,74.85,572.45,No Churn,Churn,0.8661209374841302,High Risk
Female,Yes,No,No,2,Yes,No,Fiber optic,No,No,No,No,No,No,Month-to-month,Yes,Electronic check,70.65,142.35,Churn,Churn,0.8744038268123845,High Risk
Female,No,No,No,47,Yes,No,Fiber optic,Yes,No,Yes,Yes,Yes,Yes,One year,Yes,Electronic check,103.7,4730.6,No Churn,No Churn,0.37848333930194183,Medium Risk
Female,No,No,No,2,No,No phone service,DSL,Yes,Yes,No,No,No,Yes,Month-to-month,Yes,Electronic check,42.6,72.4,Churn,Churn,0.754075181779028,High Risk
Male,No,No,No,9,Yes,No,Fiber optic,No,No,No,No,No,Yes,Month-to-month,Yes,Electronic check,80.8,713.1,Churn,Churn,0.8589946369846471,High Risk
Female,No,Yes,Yes,71,Yes,Yes,No,No internet service,No internet service,No internet service,No internet service,No internet service,No internet service,Two year,No,Bank transfer (automatic),24.7,1810.55,No Churn,No Churn,0.01538137352523759,Low Risk
Female,Yes,Yes,No,27,Yes,Yes,DSL,No,Yes,Yes,Yes,Yes,Yes,Month-to-month,No,Electronic check,83.85,2310.2,No Churn,Churn,0.6173287926255213,High Risk
Male,No,Yes,No,49,No,No phone service,DSL,No,Yes,No,No,Yes,Yes,Two year,No,Credit card (automatic),49.65,2409.9,No Churn,No Churn,0.149824378836475,Low Risk
Male,No,Yes,No,72,Yes,Yes,DSL,Yes,Yes,Yes,Yes,Yes,Yes,Two year,Yes,Bank transfer (automatic),87.1,6230.1,No Churn,No Churn,0.04418214820024794,Low Risk
Female,No,No,No,22,Yes,No,Fiber optic,Yes,No,No,Yes,No,Yes,Month-to-month,Yes,Electronic check,89.05,1886.25,No Churn,Churn,0.6699074048038822,High Risk
Female,No,No,No,5,Yes,No,DSL,Yes,No,Yes,No,No,No,Month-to-month,No,Credit card (automatic),55.8,300.4,No Churn,No Churn,0.45411396136512605,Medium Risk
Male,Yes,No,No,52,No,No phone service,DSL,No,Yes,No,No,Yes,Yes,Month-to-month,Yes,Electronic check,49.15,2550.9,Churn,Churn,0.6108396133881013,High Risk
Female,No,Yes,No,20,Yes,No,No,No internet service,No internet service,No internet service,No internet service,No internet service,No internet service,One year,Yes,Mailed check,20.0,416.45,No Churn,No Churn,0.15972820039350413,Low Risk
Female,Yes,No,No,4,Yes,Yes,Fiber optic,No,No,Yes,No,Yes,No,Month-to-month,Yes,Electronic check,89.2,346.2,Churn,Churn,0.9279665300798982,High Risk
Female,No,Yes,No,19,Yes,Yes,Fiber optic,No,No,No,No,Yes,No,Month-to-month,Yes,Electronic check,86.85,1564.4,No Churn,Churn,0.8543848575566471,High Risk
Female,No,No,No,30,Yes,Yes,Fiber optic,No,Yes,No,No,Yes,Yes,Month-to-month,Yes,Electronic check,100.2,2983.8,Churn,Churn,0.8393132444440486,High Risk
Female,No,No,No,1,Yes,No,Fiber optic,No,No,Yes,No,Yes,No,Month-to-month,Yes,Credit card (automatic),85.55,85.55,Churn,Churn,0.8557507965481529,High Risk
Female,No,No,No,13,Yes,No,No,No internet service,No internet service,No internet service,No internet service,No internet service,No internet service,Month-to-month,No,Credit card (automatic),19.45,232.1,No Churn,No Churn,0.2917252707857298,Low Risk
Male,No,No,No,53,Yes,Yes,No,No internet service,No internet service,No internet service,No internet service,No internet service,No internet service,Two year,No,Mailed check,24.6,1279.0,No Churn,No Churn,0.038441721001456985,Low Risk
Male,Yes,No,No,19,Yes,Yes,Fiber optic,No,No,Yes,No,No,No,Month-to-month,Yes,Electronic check,79.85,1471.75,Churn,Churn,0.8551962114718719,High Risk
Female,Yes,No,No,7,Yes,No,Fiber optic,No,No,No,No,Yes,Yes,Month-to-month,Yes,Electronic check,89.15,574.35,No Churn,Churn,0.9168570552839991,High Risk
Female,Yes,No,No,6,Yes,No,No,No internet service,No internet service,No internet service,No internet service,No internet service,No internet service,Month-to-month,No,Bank transfer (automatic),19.5,106.8,No Churn,No Churn,0.368285701045917,Medium Risk
Female,Yes,Yes,No,47,Yes,Yes,Fiber optic,No,No,Yes,No,Yes,Yes,Month-to-month,No,Electronic check,99.7,4747.2,No Churn,Churn,0.7715153380182526,High Risk
Male,No,Yes,No,37,Yes,No,No,No internet service,No internet service,No internet service,No internet service,No internet service,No internet service,Month-to-month,No,Bank transfer (automatic),20.35,697.65,No Churn,No Churn,0.1469584455544459,Low Risk
Male,No,No,No,18,Yes,Yes,Fiber optic,No,No,No,No,No,No,Month-to-month,Yes,Bank transfer (automatic),75.6,1395.05,No Churn,Churn,0.7575349093754095,High Risk
Female,No,Yes,Yes,27,Yes,No,DSL,No,Yes,No,No,No,No,Month-to-month,No,Mailed check,49.85,1336.15,No Churn,No Churn,0.28896391663147225,Low Risk
Male,Yes,Yes,No,21,Yes,No,DSL,Yes,Yes,No,No,No,Yes,Month-to-month,Yes,Bank transfer (automatic),64.95,1339.8,No Churn,No Churn,0.44528772012522705,Medium Risk
Female,Yes,No,No,20,Yes,Yes,Fiber optic,Yes,No,No,No,No,No,Month-to-month,Yes,Electronic check,79.15,1520.9,Churn,Churn,0.790439505825508,High Risk
Male,No,No,No,25,Yes,No,Fiber optic,No,No,No,No,No,No,Month-to-month,No,Electronic check,69.75,1729.35,No Churn,Churn,0.6860299031614769,High Risk
Female,Yes,Yes,Yes,66,Yes,Yes,Fiber optic,No,Yes,Yes,No,Yes,Yes,One year,Yes,Electronic check,104.9,6891.45,No Churn,No Churn,0.43084117530813953,Medium Risk
Female,No,Yes,Yes,44,Yes,Yes,Fiber optic,No,Yes,Yes,No,No,Yes,One year,No,Electronic check,94.4,4295.35,No Churn,No Churn,0.4119702050120163,Medium Risk
Male,No,Yes,Yes,34,Yes,No,Fiber optic,No,No,Yes,No,Yes,No,Month-to-month,Yes,Mailed check,84.05,2909.95,No Churn,Churn,0.6271799258293126,High Risk
Female,No,No,No,42,Yes,No,DSL,Yes,No,Yes,No,No,No,Month-to-month,No,Credit card (automatic),54.55,2455.05,No Churn,No Churn,0.2121656701360059,Low Risk
Female,No,No,No,39,Yes,No,DSL,Yes,No,No,No,No,No,One year,Yes,Electronic check,47.85,1886.4,No Churn,No Churn,0.19138135266899908,Low Risk
Female,No,No,No,5,Yes,No,No,No internet service,No internet service,No internet service,No internet service,No internet service,No internet service,Month-to-month,Yes,Mailed check,20.5,104.3,No Churn,No Churn,0.40859077881150707,Medium Risk
Male,No,Yes,No,66,Yes,Yes,DSL,Yes,Yes,Yes,Yes,Yes,Yes,Two year,No,Bank transfer (automatic),91.7,6075.9,No Churn,No Churn,0.03946672679025051,Low Risk
Male,No,No,No,31,No,No phone service,DSL,No,No,Yes,No,Yes,Yes,One year,Yes,Electronic check,50.05,1523.4,No Churn,Churn,0.5683700534350544,Medium Risk
Male,No,No,No,43,Yes,No,No,No internet service,No internet service,No internet service,No internet service,No internet service,No internet service,Two year,No,Mailed check,19.55,876.15,No Churn,No Churn,0.03840756606705917,Low Risk
Male,No,Yes,Yes,67,Yes,Yes,Fiber optic,No,Yes,Yes,No,Yes,Yes,One year,Yes,Electronic check,105.4,6989.45,No Churn,No Churn,0.3723913832975271,Medium Risk
Female,No,No,No,14,Yes,No,DSL,No,Yes,No,No,No,No,One year,No,Credit card (automatic),51.45,727.85,No Churn,No Churn,0.2593874717063511,Low Risk
Female,No,No,No,3,Yes,No,Fiber optic,Yes,No,Yes,No,Yes,Yes,Month-to-month,Yes,Credit card (automatic),99.0,287.4,Churn,Churn,0.837952235200737,High Risk
Female,No,Yes,No,71,Yes,Yes,DSL,No,No,Yes,Yes,Yes,Yes,Two year,Yes,Bank transfer (automatic),80.45,5662.25,No Churn,No Churn,0.07173105076047712,Low Risk
Female,No,No,No,50,Yes,Yes,DSL,Yes,No,Yes,Yes,Yes,Yes,One year,Yes,Credit card (automatic),82.5,4179.1,No Churn,No Churn,0.18234055912517474,Low Risk
Male,No,Yes,No,72,Yes,Yes,Fiber optic,Yes,Yes,Yes,Yes,No,Yes,Two year,No,Bank transfer (automatic),105.6,7581.5,No Churn,No Churn,0.05867229487340117,Low Risk
Male,No,No,Yes,1,Yes,Yes,Fiber optic,No,No,No,No,Yes,Yes,Month-to-month,Yes,Electronic check,93.3,93.3,Churn,Churn,0.9211937951592959,High Risk
Female,No,No,No,24,Yes,No,No,No internet service,No internet service,No internet service,No internet service,No internet service,No internet service,One year,No,Credit card (automatic),20.45,527.35,No Churn,No Churn,0.11663077644099014,Low Risk
Female,No,Yes,Yes,11,Yes,No,No,No internet service,No internet service,No internet service,No internet service,No internet service,No internet service,Month-to-month,Yes,Mailed check,19.25,180.3,Churn,No Churn,0.30445079227396427,Medium Risk
Male,No,No,No,3,Yes,No,DSL,No,No,No,Yes,No,No,Month-to-month,Yes,Mailed check,50.5,147.75,No Churn,Churn,0.5403929765716744,Medium Risk
Male,Yes,No,No,2,Yes,No,Fiber optic,No,Yes,No,No,No,No,Month-to-month,Yes,Electronic check,74.7,165.4,Churn,Churn,0.8599677712991193,High Risk
Female,No,No,No,29,Yes,No,DSL,Yes,No,Yes,Yes,No,No,One year,No,Credit card (automatic),58.0,1734.5,No Churn,No Churn,0.1173570555150258,Low Risk
Female,No,Yes,Yes,48,Yes,No,No,No internet service,No internet service,No internet service,No internet service,No internet service,No internet service,Two year,No,Bank transfer (automatic),20.65,1057.0,No Churn,No Churn,0.022533494395339245,Low Risk
Male,No,Yes,No,63,Yes,No,No,No internet service,No internet service,No internet service,No internet service,No internet service,No internet service,Two year,No,Mailed check,19.25,1237.65,No Churn,No Churn,0.020231164249016234,Low Risk
Female,No,No,Yes,3,Yes,No,DSL,Yes,No,No,Yes,No,Yes,Month-to-month,Yes,Bank transfer (automatic),64.5,177.4,No Churn,No Churn,0.4360931397123249,Medium Risk
Male,No,Yes,Yes,4,Yes,No,DSL,No,No,No,Yes,No,Yes,Month-to-month,No,Credit card (automatic),61.45,229.55,Churn,No Churn,0.46126254977110126,Medium Risk
Female,No,No,No,2,Yes,Yes,DSL,No,Yes,No,No,No,No,Month-to-month,No,Mailed check,54.15,101.65,No Churn,Churn,0.6163102101358496,High Risk
Male,No,No,No,44,Yes,No,Fiber optic,Yes,Yes,Yes,No,Yes,Yes,One year,Yes,Electronic check,106.05,4510.8,No Churn,No Churn,0.4431120344912385,Medium Risk
Female,No,No,No,72,Yes,Yes,DSL,Yes,Yes,Yes,Yes,Yes,Yes,Two year,Yes,Bank transfer (automatic),91.35,6697.2,No Churn,No Churn,0.04428482450160599,Low Risk
Female,No,Yes,No,72,Yes,Yes,Fiber optic,Yes,Yes,Yes,No,Yes,Yes,Two year,Yes,Electronic check,110.75,7751.7,No Churn,No Churn,0.1873552942847435,Low Risk
Male,Yes,Yes,No,24,Yes,Yes,Fiber optic,No,Yes,Yes,No,Yes,Yes,Month-to-month,Yes,Electronic check,104.25,2433.9,Churn,Churn,0.8857013115846394,High Risk
Male,Yes,No,No,24,Yes,Yes,Fiber optic,No,No,No,No,No,No,Month-to-month,Yes,Electronic check,76.1,1712.7,Churn,Churn,0.826797285401182,High Risk
Male,No,Yes,Yes,51,Yes,Yes,Fiber optic,Yes,Yes,No,Yes,Yes,Yes,One year,No,Credit card (automatic),110.05,5686.4,No Churn,No Churn,0.20076764974104877,Low Risk
Male,Yes,Yes,No,71,Yes,No,DSL,Yes,Yes,No,Yes,Yes,No,One year,Yes,Bank transfer (automatic),71.0,5012.1,No Churn,No Churn,0.05298305272287706,Low Risk
Male,No,No,No,22,Yes,Yes,No,No internet service,No internet service,No internet service,No internet service,No internet service,No internet service,Two year,No,Mailed check,25.25,566.5,No Churn,No Churn,0.09363421792548714,Low Risk
Female,No,No,No,48,Yes,No,DSL,Yes,No,Yes,Yes,No,No,One year,Yes,Credit card (automatic),60.35,2896.4,Churn,No Churn,0.08486047798293951,Low Risk
Male,Yes,Yes,No,7,Yes,Yes,Fiber optic,No,No,No,No,No,No,Month-to-month,Yes,Mailed check,74.4,527.9,Churn,Churn,0.8521032723344513,High Risk
Male,No,No,Yes,2,Yes,No,No,No internet service,No internet service,No internet service,No internet service,No internet service,No internet service,Month-to-month,No,Mailed check,19.25,48.35,No Churn,No Churn,0.31906431309960603,Medium Risk
Male,No,No,Yes,19,Yes,No,No,No internet service,No internet service,No internet service,No internet service,No internet service,No internet service,Month-to-month,Yes,Electronic check,20.0,377.55,No Churn,No Churn,0.32527576542887904,Medium Risk
Male,Yes,No,No,7,No,No phone service,DSL,No,Yes,No,Yes,No,Yes,Month-to-month,Yes,Electronic check,44.4,265.8,No Churn,Churn,0.7673612477651789,High Risk
Female,No,No,No,55,Yes,Yes,Fiber optic,No,No,No,No,No,No,Month-to-month,Yes,Electronic check,73.1,4144.9,No Churn,Churn,0.6082069127104165,High Risk
Male,No,No,No,2,Yes,No,DSL,No,No,No,No,No,No,Month-to-month,No,Bank transfer (automatic),44.9,111.05,No Churn,Churn,0.5455590339384596,Medium Risk
Male,No,No,No,10,Yes,No,Fiber optic,No,No,No,No,No,No,Month-to-month,Yes,Electronic check,70.0,740.0,Churn,Churn,0.8166274353839961,High Risk
Female,No,Yes,Yes,22,Yes,No,DSL,No,Yes,No,No,Yes,Yes,One year,Yes,Bank transfer (automatic),69.5,1498.2,Churn,No Churn,0.3139863315369366,Medium Risk
Female,No,Yes,No,68,Yes,Yes,Fiber optic,Yes,Yes,Yes,Yes,Yes,Yes,Two year,No,Bank transfer (automatic),114.9,7843.55,No Churn,No Churn,0.08832315881811269,Low Risk
Male,Yes,Yes,No,8,Yes,No,DSL,Yes,No,No,No,Yes,No,Month-to-month,No,Bank transfer (automatic),60.9,551.95,No Churn,Churn,0.5165661904850348,Medium Risk
Male,No,Yes,Yes,70,No,No phone service,DSL,Yes,No,Yes,Yes,Yes,Yes,Two year,No,Bank transfer (automatic),59.5,4144.8,No Churn,No Churn,0.037797729330763814,Low Risk
Female,No,Yes,No,52,Yes,Yes,Fiber optic,No,Yes,No,Yes,Yes,Yes,Month-to-month,Yes,Credit card (automatic),102.7,5138.1,No Churn,Churn,0.569478187994532,Medium Risk
Male,No,Yes,Yes,7,Yes,No,Fiber optic,No,Yes,No,Yes,Yes,No,Month-to-month,Yes,Electronic check,89.75,608.8,Churn,Churn,0.757842105226917,High Risk
Male,No,No,No,12,Yes,No,DSL,No,Yes,No,No,No,No,Month-to-month,Yes,Bank transfer (automatic),49.05,593.05,No Churn,Churn,0.5007882213099322,Medium Risk
Female,No,No,No,41,Yes,Yes,Fiber optic,Yes,No,No,No,No,No,Month-to-month,Yes,Credit card (automatic),81.3,3190.65,No Churn,Churn,0.5281612675076205,Medium Risk
Female,No,Yes,Yes,29,Yes,Yes,No,No internet service,No internet service,No internet service,No internet service,No internet service,No internet service,Two year,No,Mailed check,26.1,692.55,No Churn,No Churn,0.058580318618459574,Low Risk
Male,No,Yes,Yes,57,Yes,No,No,No internet service,No internet service,No internet service,No internet service,No internet service,No internet service,Two year,No,Mailed check,20.75,1123.15,No Churn,No Churn,0.018877281491166242,Low Risk
Male,No,No,No,31,Yes,Yes,Fiber optic,No,Yes,No,No,No,No,Month-to-month,Yes,Electronic check,80.45,2429.1,No Churn,Churn,0.7346480949958831,High Risk
Female,Yes,Yes,No,60,Yes,Yes,Fiber optic,No,Yes,No,No,No,Yes,Month-to-month,No,Electronic check,89.45,5294.6,No Churn,Churn,0.5830072066758821,Medium Risk
Male,No,Yes,No,68,Yes,Yes,Fiber optic,Yes,Yes,No,Yes,Yes,Yes,Month-to-month,Yes,Electronic check,107.7,7320.9,No Churn,No Churn,0.43480097171345317,Medium Risk
Male,No,No,No,58,Yes,No,DSL,No,Yes,Yes,Yes,Yes,No,Two year,No,Bank transfer (automatic),70.1,4048.95,No Churn,No Churn,0.04315985579845586,Low Risk
Male,No,No,No,2,Yes,No,Fiber optic,No,No,No,No,No,Yes,Month-to-month,Yes,Electronic check,80.95,171.15,Churn,Churn,0.883015540199818,High Risk
Male,No,No,No,29,Yes,Yes,Fiber optic,No,No,No,No,No,Yes,Month-to-month,Yes,Electronic check,84.9,2516.2,No Churn,Churn,0.8190383539960664,High Risk
Male,No,Yes,No,33,Yes,Yes,Fiber optic,No,Yes,Yes,No,No,Yes,Month-to-month,Yes,Electronic check,93.35,3092.0,No Churn,Churn,0.7807389411538204,High Risk
Male,No,Yes,No,70,Yes,Yes,DSL,Yes,Yes,Yes,Yes,Yes,No,Two year,No,Mailed check,79.15,5536.5,No Churn,No Churn,0.029977083870768112,Low Risk
Male,No,Yes,Yes,49,Yes,Yes,Fiber optic,No,No,Yes,No,Yes,Yes,Month-to-month,Yes,Electronic check,99.8,4872.45,Churn,Churn,0.7230615830365701,High Risk
Female,No,No,No,5,Yes,No,Fiber optic,No,Yes,No,No,Yes,No,Month-to-month,Yes,Mailed check,85.3,420.45,No Churn,Churn,0.8194634970413119,High Risk
Male,No,Yes,Yes,18,Yes,No,No,No internet service,No internet service,No internet service,No internet service,No internet service,No internet service,One year,No,Bank transfer (automatic),19.8,342.3,No Churn,No Churn,0.10041243993100069,Low Risk
Female,No,No,No,10,Yes,No,DSL,No,No,No,Yes,No,Yes,Month-to-month,Yes,Mailed check,60.95,629.55,No Churn,Churn,0.5586858533531117,Medium Risk
Female,Yes,Yes,No,65,Yes,Yes,Fiber optic,No,Yes,Yes,No,Yes,Yes,Month-to-month,Yes,Bank transfer (automatic),108.8,7082.45,No Churn,Churn,0.5804440023164547,Medium Risk
Male,Yes,Yes,No,7,Yes,Yes,Fiber optic,No,No,No,No,No,No,Month-to-month,Yes,Electronic check,75.4,533.05,No Churn,Churn,0.8858952929409405,High Risk
Female,No,No,No,30,Yes,Yes,Fiber optic,No,No,Yes,No,Yes,Yes,Month-to-month,No,Electronic check,100.45,3096.9,No Churn,Churn,0.8285682575617336,High Risk
Male,No,No,No,3,Yes,No,DSL,No,No,No,No,No,No,Month-to-month,Yes,Electronic check,43.3,123.65,Churn,Churn,0.6968970087822484,High Risk
Female,No,No,No,11,Yes,Yes,Fiber optic,No,No,Yes,No,Yes,Yes,Month-to-month,Yes,Electronic check,100.75,1129.75,Churn,Churn,0.9176190104327964,High Risk
Male,Yes,Yes,No,63,Yes,Yes,Fiber optic,Yes,Yes,Yes,No,Yes,Yes,Two year,No,Credit card (automatic),108.5,6991.9,No Churn,No Churn,0.17421770294594743,Low Risk
Male,No,No,No,9,No,No phone service,DSL,No,No,No,No,No,No,Month-to-month,Yes,Mailed check,24.6,190.1,No Churn,Churn,0.6888129897660765,High Risk
Male,No,No,No,12,Yes,No,Fiber optic,Yes,No,Yes,No,No,No,Month-to-month,No,Bank transfer (automatic),81.7,858.6,Churn,Churn,0.601266011845184,High Risk
Female,No,Yes,Yes,4,Yes,No,DSL,No,Yes,No,Yes,No,No,Month-to-month,No,Mailed check,56.5,235.1,Churn,No Churn,0.36681932149587043,Medium Risk
Male,Yes,No,No,2,Yes,No,DSL,No,No,No,No,No,No,Month-to-month,No,Mailed check,44.95,85.15,Churn,Churn,0.6194906498238286,High Risk
Male,No,Yes,Yes,71,Yes,No,No,No internet service,No internet service,No internet service,No internet service,No internet service,No internet service,Two year,Yes,Bank transfer (automatic),19.6,1387.45,No Churn,No Churn,0.014490513052236895,Low Risk
Male,No,Yes,Yes,42,Yes,No,DSL,No,No,Yes,Yes,Yes,Yes,One year,No,Electronic check,73.15,3088.25,No Churn,No Churn,0.19971898969017118,Low Risk
Male,No,Yes,Yes,26,Yes,No,Fiber optic,No,No,No,No,No,Yes,One year,No,Bank transfer (automatic),78.95,2034.25,No Churn,No Churn,0.39356185460392384,Medium Risk
Female,No,Yes,No,72,Yes,Yes,No,No internet service,No internet service,No internet service,No internet service,No internet service,No internet service,Two year,Yes,Bank transfer (automatic),25.25,1841.2,No Churn,No Churn,0.02401128445647908,Low Risk
Male,No,No,No,13,Yes,No,DSL,No,No,No,Yes,No,No,Month-to-month,Yes,Mailed check,50.55,610.75,No Churn,No Churn,0.46326646838485114,Medium Risk
Male,No,Yes,No,52,Yes,No,DSL,Yes,Yes,No,No,Yes,Yes,One year,Yes,Mailed check,75.4,3865.45,No Churn,No Churn,0.14627038613343735,Low Risk
Female,No,Yes,No,66,Yes,Yes,Fiber optic,No,Yes,Yes,No,Yes,Yes,Month-to-month,Yes,Electronic check,105.2,6936.85,No Churn,Churn,0.6320573237710828,High Risk
Male,Yes,No,No,1,Yes,No,Fiber optic,No,No,No,No,No,No,Month-to-month,Yes,Bank transfer (automatic),69.5,69.5,Churn,Churn,0.8277114115255771,High Risk
Female,No,No,No,47,No,No phone service,DSL,Yes,Yes,No,Yes,No,No,One year,No,Credit card (automatic),39.65,1798.65,No Churn,No Churn,0.09132246495009169,Low Risk
Female,No,Yes,Yes,61,Yes,No,DSL,Yes,No,No,No,No,No,One year,Yes,Bank transfer (automatic),49.7,2961.4,No Churn,No Churn,0.05538256210349553,Low Risk
Male,No,Yes,Yes,26,Yes,Yes,DSL,No,No,Yes,Yes,Yes,Yes,One year,Yes,Credit card (automatic),82.0,2083.1,No Churn,No Churn,0.3286237059370865,Medium Risk
Male,No,No,No,19,Yes,No,DSL,No,Yes,No,Yes,No,Yes,One year,Yes,Bank transfer (automatic),65.35,1231.85,No Churn,No Churn,0.25730229752777795,Low Risk
Male,Yes,Yes,No,17,Yes,Yes,Fiber optic,No,No,Yes,No,Yes,Yes,Month-to-month,Yes,Credit card (automatic),100.45,1622.45,Churn,Churn,0.8852628743322859,High Risk
Female,No,Yes,Yes,72,Yes,No,Fiber optic,Yes,Yes,Yes,Yes,Yes,Yes,Two year,Yes,Bank transfer (automatic),108.3,7679.65,No Churn,No Churn,0.06081118780158321,Low Risk
Female,No,No,No,2,Yes,No,Fiber optic,Yes,Yes,No,No,Yes,No,Month-to-month,Yes,Electronic check,91.15,168.5,No Churn,Churn,0.8207006082512618,High Risk
Female,No,No,No,17,Yes,No,No,No internet service,No internet service,No internet service,No internet service,No internet service,No internet service,One year,No,Mailed check,19.55,280.85,No Churn,No Churn,0.14570298458839862,Low Risk
Male,Yes,No,No,67,Yes,No,Fiber optic,Yes,Yes,No,Yes,Yes,Yes,Two year,Yes,Electronic check,105.05,7171.7,No Churn,No Churn,0.1479243197446749,Low Risk
Male,No,No,No,1,Yes,No,No,No internet service,No internet service,No internet service,No internet service,No internet service,No internet service,Month-to-month,Yes,Mailed check,20.45,20.45,No Churn,No Churn,0.4379727463957463,Medium Risk
Female,No,No,No,3,Yes,Yes,Fiber optic,No,No,No,No,No,No,Month-to-month,Yes,Electronic check,75.5,220.6,Churn,Churn,0.8826483463961154,High Risk
Male,No,Yes,No,11,Yes,No,No,No internet service,No internet service,No internet service,No internet service,No internet service,No internet service,One year,Yes,Mailed check,20.55,184.95,No Churn,No Churn,0.19905441503550622,Low Risk
Male,No,Yes,Yes,62,Yes,No,DSL,Yes,Yes,Yes,Yes,Yes,Yes,Two year,No,Electronic check,86.1,5215.25,No Churn,No Churn,0.03915916140925942,Low Risk
Male,No,No,No,60,Yes,No,DSL,Yes,No,Yes,Yes,Yes,Yes,One year,No,Mailed check,79.0,4801.1,No Churn,No Churn,0.08617206735944248,Low Risk
Female,No,Yes,Yes,64,Yes,Yes,Fiber optic,Yes,Yes,No,Yes,Yes,Yes,Two year,No,Bank transfer (automatic),110.3,6997.3,No Churn,No Churn,0.07591619489950313,Low Risk
Male,No,No,No,53,Yes,No,Fiber optic,No,Yes,No,Yes,No,No,Month-to-month,Yes,Mailed check,80.6,4348.1,No Churn,No Churn,0.3501243611818976,Medium Risk
Male,No,Yes,Yes,64,Yes,No,DSL,Yes,No,Yes,No,Yes,Yes,One year,Yes,Credit card (automatic),73.05,4688.65,No Churn,No Churn,0.09970500169455752,Low Risk
Female,No,No,Yes,1,Yes,Yes,No,No internet service,No internet service,No internet service,No internet service,No internet service,No internet service,Month-to-month,No,Mailed check,24.0,24.0,No Churn,No Churn,0.39871604357898927,Medium Risk
Male,Yes,Yes,Yes,71,Yes,No,No,No internet service,No internet service,No internet service,No internet service,No internet service,No internet service,Two year,No,Credit card (automatic),19.8,1388.45,No Churn,No Churn,0.014793154743771509,Low Risk
Female,No,No,Yes,22,Yes,No,No,No internet service,No internet service,No internet service,No internet service,No internet service,No internet service,Month-to-month,Yes,Electronic check,20.55,469.85,No Churn,No Churn,0.3047638112535186,Medium Risk
Female,No,No,No,1,Yes,No,Fiber optic,No,No,No,No,No,No,Month-to-month,Yes,Electronic check,70.6,70.6,Churn,Churn,0.8542472869504821,High Risk
Female,No,Yes,No,18,Yes,No,No,No internet service,No internet service,No internet service,No internet service,No internet service,No internet service,Two year,No,Mailed check,20.1,370.5,No Churn,No Churn,0.07604317323269086,Low Risk
Female,No,Yes,Yes,55,Yes,No,Fiber optic,No,No,No,No,No,No,Two year,Yes,Credit card (automatic),69.05,3842.6,No Churn,No Churn,0.12583622137711697,Low Risk
Female,No,No,No,22,No,No phone service,DSL,No,No,Yes,No,Yes,Yes,Month-to-month,Yes,Electronic check,50.6,1073.3,No Churn,Churn,0.7920961456832012,High Risk
Female,Yes,No,No,4,Yes,Yes,Fiber optic,No,No,No,No,No,Yes,Month-to-month,Yes,Electronic check,84.6,360.1,Churn,Churn,0.9235613795025717,High Risk
Female,No,No,No,47,Yes,Yes,Fiber optic,Yes,No,Yes,No,Yes,No,One year,No,Credit card (automatic),94.9,4615.25,No Churn,No Churn,0.3219053771495275,Medium Risk
Female,No,Yes,No,13,Yes,No,DSL,No,No,No,No,No,No,One year,No,Electronic check,43.8,592.65,No Churn,No Churn,0.3628394015391034,Medium Risk
Female,No,Yes,No,60,Yes,No,DSL,Yes,Yes,No,Yes,No,No,Two year,No,Bank transfer (automatic),59.85,3483.45,No Churn,No Churn,0.019168017317315454,Low Risk
Male,No,No,No,52,Yes,No,Fiber optic,Yes,No,Yes,No,Yes,No,One year,No,Electronic check,91.25,4738.3,No Churn,No Churn,0.2914227094634669,Low Risk
Female,No,No,No,7,Yes,Yes,Fiber optic,No,No,No,No,No,No,Month-to-month,No,Mailed check,75.45,480.75,Churn,Churn,0.7914278518170819,High Risk
Male,No,Yes,Yes,67,Yes,No,DSL,Yes,No,Yes,Yes,No,No,Two year,Yes,Bank transfer (automatic),60.4,3953.7,No Churn,No Churn,0.01850685795850469,Low Risk
Male,Yes,No,No,18,Yes,Yes,Fiber optic,No,Yes,No,No,No,No,Month-to-month,Yes,Credit card (automatic),80.55,1411.65,No Churn,Churn,0.7828785864930602,High Risk
Male,No,Yes,No,69,No,No phone service,DSL,No,Yes,Yes,Yes,Yes,Yes,One year,Yes,Credit card (automatic),60.8,4263.4,No Churn,No Churn,0.14675045384556928,Low Risk
Male,No,No,No,51,Yes,Yes,No,No internet service,No internet service,No internet service,No internet service,No internet service,No internet service,One year,Yes,Bank transfer (automatic),24.6,1266.4,No Churn,No Churn,0.08614774305352818,Low Risk
Male,No,No,No,38,Yes,No,No,No internet service,No internet service,No internet service,No internet service,No internet service,No internet service,One year,No,Mailed check,20.1,730.1,No Churn,No Churn,0.08118293537888101,Low Risk
Female,No,Yes,No,7,Yes,No,DSL,Yes,No,Yes,Yes,Yes,Yes,Month-to-month,No,Bank transfer (automatic),81.25,580.1,No Churn,No Churn,0.47312888809587583,Medium Risk
Male,Yes,Yes,Yes,58,Yes,Yes,Fiber optic,Yes,Yes,No,Yes,No,No,One year,Yes,Bank transfer (automatic),89.85,5125.75,No Churn,No Churn,0.14076882410327832,Low Risk
Male,No,Yes,No,1,Yes,No,DSL,Yes,No,Yes,No,No,No,Month-to-month,No,Mailed check,55.7,55.7,No Churn,No Churn,0.48026068974046215,Medium Risk
Female,No,Yes,Yes,72,Yes,No,Fiber optic,Yes,Yes,Yes,Yes,Yes,Yes,Two year,Yes,Credit card (automatic),109.5,7854.9,No Churn,No Churn,0.0642261325161845,Low Risk
Female,No,No,No,66,No,No phone service,DSL,Yes,Yes,Yes,Yes,Yes,Yes,Two year,Yes,Bank transfer (automatic),62.5,4136.4,No Churn,No Churn,0.06397582633445632,Low Risk
Male,Yes,Yes,No,6,Yes,No,Fiber optic,No,No,Yes,No,Yes,Yes,Month-to-month,Yes,Electronic check,95.75,573.75,Churn,Churn,0.9174894147802299,High Risk
Female,No,Yes,No,24,Yes,No,No,No internet service,No internet service,No internet service,No internet service,No internet service,No internet service,One year,No,Credit card (automatic),20.4,482.8,No Churn,No Churn,0.11203546437967049,Low Risk
Male,No,Yes,No,35,No,No phone service,DSL,Yes,No,Yes,No,Yes,Yes,One year,No,Credit card (automatic),53.15,1930.9,No Churn,No Churn,0.2997220234484244,Low Risk
Female,No,Yes,Yes,21,Yes,No,DSL,No,No,No,No,No,No,Month-to-month,Yes,Electronic check,44.95,926.25,No Churn,No Churn,0.4943327635172951,Medium Risk
Female,No,Yes,Yes,69,Yes,No,No,No internet service,No internet service,No internet service,No internet service,No internet service,No internet service,Two year,No,Bank transfer (automatic),20.15,1337.5,No Churn,No Churn,0.011980548926634412,Low Risk
Female,No,No,No,21,Yes,No,No,No internet service,No internet service,No internet service,No internet service,No internet service,No internet service,Two year,Yes,Credit card (automatic),20.85,435.25,No Churn,No Churn,0.08863631614184382,Low Risk
Female,Yes,No,No,7,Yes,No,Fiber optic,No,No,Yes,No,Yes,No,Month-to-month,Yes,Electronic check,84.35,609.65,No Churn,Churn,0.8958166217899662,High Risk
Male,No,No,No,53,Yes,No,No,No internet service,No internet service,No internet service,No internet service,No internet service,No internet service,Two year,No,Bank transfer (automatic),19.65,978.0,No Churn,No Churn,0.02579000221443739,Low Risk
Male,No,No,Yes,22,Yes,No,Fiber optic,No,Yes,Yes,No,Yes,No,Month-to-month,Yes,Electronic check,89.4,2001.5,Churn,Churn,0.7520284068084481,High Risk
Female,No,No,No,3,Yes,No,No,No internet service,No internet service,No internet service,No internet service,No internet service,No internet service,Month-to-month,No,Electronic check,19.55,61.05,No Churn,No Churn,0.4402522413339093,Medium Risk
Female,No,No,No,12,Yes,No,DSL,No,No,No,No,No,No,Month-to-month,Yes,Bank transfer (automatic),45.0,524.35,No Churn,Churn,0.5321060399894125,Medium Risk
Female,No,No,Yes,26,No,No phone service,DSL,Yes,No,No,Yes,No,Yes,Month-to-month,No,Mailed check,45.8,1147.0,No Churn,No Churn,0.34061582516914884,Medium Risk
Male,No,No,No,3,Yes,No,No,No internet service,No internet service,No internet service,No internet service,No internet service,No internet service,One year,Yes,Mailed check,19.45,69.25,No Churn,No Churn,0.25214032918720075,Low Risk
Male,No,No,No,37,No,No phone service,DSL,Yes,Yes,No,Yes,No,No,Two year,Yes,Mailed check,40.55,1390.85,No Churn,No Churn,0.08577593884075234,Low Risk
Female,No,No,Yes,50,Yes,No,No,No internet service,No internet service,No internet service,No internet service,No internet service,No internet service,Two year,No,Credit card (automatic),20.15,970.85,No Churn,No Churn,0.023924929623366432,Low Risk
